ISO-10303-21;
HEADER;
/* Generated by software containing ST-Developer
 * from STEP Tools, Inc. (www.steptools.com) 
 */
/* OPTION: using custom renumber hook */

FILE_DESCRIPTION(
/* description */ ('STEP AP242 Edition 2',
'CAx-IF Rec.Pracs.---Representation and Presentation of Product Manufa
cturing Information (PMI)---4.0---2014-10-13',
'CAx-IF Rec.Pracs.---3D Tessellated Geometry---0.4---2014-09-14','2;1',
'CAx-IF Rec.Pracs.---User Defined Attributes---1.5---2016-08-15'),
/* implementation_level */ '2;1');

FILE_NAME(
/* name */ 'Board Housing',
/* time_stamp */ '2026-08-13T21:04:42Z',
/* author */ (''),
/* organization */ (''),
/* preprocessor_version */ 'ST-DEVELOPER v20',
/* originating_system */ 'ONSHAPE BY PTC INC, 1.219',
/* authorisation */ '  ');

FILE_SCHEMA (('AP242_MANAGED_MODEL_BASED_3D_ENGINEERING_MIM_LF { 1 0 10303 442 3 1 4 }'));
ENDSEC;

DATA;
#10=SHAPE_REPRESENTATION_RELATIONSHIP('','',#3185,#11);
#11=ADVANCED_BREP_SHAPE_REPRESENTATION('',(#3183),#5425);
#12=B_SPLINE_CURVE_WITH_KNOTS('',3,(#5056,#5057,#5058,#5059),
 .UNSPECIFIED.,.F.,.F.,(4,4),(1.33303086995427E-16,0.00105951457077975),
 .UNSPECIFIED.);
#13=B_SPLINE_CURVE_WITH_KNOTS('',3,(#5063,#5064,#5065,#5066),
 .UNSPECIFIED.,.F.,.F.,(4,4),(0.,0.00106328364182304),.UNSPECIFIED.);
#14=B_SPLINE_CURVE_WITH_KNOTS('',3,(#5235,#5236,#5237,#5238),
 .UNSPECIFIED.,.F.,.F.,(4,4),(0.,0.000781880736297147),.UNSPECIFIED.);
#15=B_SPLINE_CURVE_WITH_KNOTS('',3,(#5239,#5240,#5241,#5242),
 .UNSPECIFIED.,.F.,.F.,(4,4),(8.67361737988404E-18,0.000781703326930262),
 .UNSPECIFIED.);
#16=B_SPLINE_CURVE_WITH_KNOTS('',3,(#5253,#5254,#5255,#5256,#5257),
 .UNSPECIFIED.,.F.,.F.,(4,1,4),(0.,0.000458956154390471,0.000917912308780942),
 .UNSPECIFIED.);
#17=B_SPLINE_CURVE_WITH_KNOTS('',3,(#5258,#5259,#5260,#5261,#5262),
 .UNSPECIFIED.,.F.,.F.,(4,1,4),(0.,0.000485240696747176,0.000970481393494352),
 .UNSPECIFIED.);
#18=B_SPLINE_CURVE_WITH_KNOTS('',3,(#5264,#5265,#5266,#5267,#5268),
 .UNSPECIFIED.,.F.,.F.,(4,1,4),(0.,0.00045895615439045,0.0009179123087809),
 .UNSPECIFIED.);
#19=B_SPLINE_CURVE_WITH_KNOTS('',3,(#5269,#5270,#5271,#5272,#5273),
 .UNSPECIFIED.,.F.,.F.,(4,1,4),(0.,0.000458956154390448,0.000917912308780895),
 .UNSPECIFIED.);
#20=B_SPLINE_CURVE_WITH_KNOTS('',3,(#5275,#5276,#5277,#5278,#5279),
 .UNSPECIFIED.,.F.,.F.,(4,1,4),(0.,0.000464067256902645,0.000928134513805289),
 .UNSPECIFIED.);
#21=B_SPLINE_CURVE_WITH_KNOTS('',3,(#5281,#5282,#5283,#5284),
 .UNSPECIFIED.,.F.,.F.,(4,4),(-6.35475271506297E-6,0.0012103130577639),
 .UNSPECIFIED.);
#22=B_SPLINE_CURVE_WITH_KNOTS('',3,(#5286,#5287,#5288,#5289),
 .UNSPECIFIED.,.F.,.F.,(4,4),(-6.3547527150623E-6,0.0012103130577639),
 .UNSPECIFIED.);
#23=B_SPLINE_CURVE_WITH_KNOTS('',3,(#5290,#5291,#5292,#5293,#5294),
 .UNSPECIFIED.,.F.,.F.,(4,1,4),(0.,0.000458956154390476,0.000917912308780952),
 .UNSPECIFIED.);
#24=B_SPLINE_CURVE_WITH_KNOTS('',3,(#5296,#5297,#5298,#5299,#5300),
 .UNSPECIFIED.,.F.,.F.,(4,1,4),(0.,0.000464067256902637,0.000928134513805274),
 .UNSPECIFIED.);
#25=B_SPLINE_CURVE_WITH_KNOTS('',3,(#5302,#5303,#5304,#5305,#5306),
 .UNSPECIFIED.,.F.,.F.,(4,1,4),(0.,0.000485240696747182,0.000970481393494364),
 .UNSPECIFIED.);
#26=B_SPLINE_CURVE_WITH_KNOTS('',3,(#5309,#5310,#5311,#5312,#5313),
 .UNSPECIFIED.,.F.,.F.,(4,1,4),(0.,0.000458956154390478,0.000917912308780956),
 .UNSPECIFIED.);
#27=B_SPLINE_CURVE_WITH_KNOTS('',3,(#5314,#5315,#5316,#5317,#5318),
 .UNSPECIFIED.,.F.,.F.,(4,1,4),(0.,0.000485240696747188,0.000970481393494377),
 .UNSPECIFIED.);
#28=B_SPLINE_CURVE_WITH_KNOTS('',3,(#5320,#5321,#5322,#5323,#5324),
 .UNSPECIFIED.,.F.,.F.,(4,1,4),(0.,0.00045895615439045,0.0009179123087809),
 .UNSPECIFIED.);
#29=B_SPLINE_CURVE_WITH_KNOTS('',3,(#5325,#5326,#5327,#5328,#5329),
 .UNSPECIFIED.,.F.,.F.,(4,1,4),(0.,0.000458956154390451,0.000917912308780902),
 .UNSPECIFIED.);
#30=B_SPLINE_CURVE_WITH_KNOTS('',3,(#5331,#5332,#5333,#5334,#5335),
 .UNSPECIFIED.,.F.,.F.,(4,1,4),(0.,0.000464067256902641,0.000928134513805282),
 .UNSPECIFIED.);
#31=B_SPLINE_CURVE_WITH_KNOTS('',3,(#5337,#5338,#5339,#5340),
 .UNSPECIFIED.,.F.,.F.,(4,4),(-6.35475271505919E-6,0.00121031305776389),
 .UNSPECIFIED.);
#32=B_SPLINE_CURVE_WITH_KNOTS('',3,(#5342,#5343,#5344,#5345),
 .UNSPECIFIED.,.F.,.F.,(4,4),(-6.35475271505919E-6,0.00121031305776389),
 .UNSPECIFIED.);
#33=B_SPLINE_CURVE_WITH_KNOTS('',3,(#5347,#5348,#5349,#5350,#5351),
 .UNSPECIFIED.,.F.,.F.,(4,1,4),(0.,0.000464067256902644,0.000928134513805288),
 .UNSPECIFIED.);
#34=TOROIDAL_SURFACE('',#3349,0.0045,0.0005);
#35=TOROIDAL_SURFACE('',#3350,0.003605,0.0005);
#36=TOROIDAL_SURFACE('',#3351,0.003605,0.0005);
#37=TOROIDAL_SURFACE('',#3352,0.0045,0.0005);
#38=TOROIDAL_SURFACE('',#3446,0.00449999999999994,0.0005);
#39=TOROIDAL_SURFACE('',#3447,0.0045,0.0005);
#40=TOROIDAL_SURFACE('',#3449,0.00180000000000003,0.0005);
#41=TOROIDAL_SURFACE('',#3450,0.00180000000000004,0.0005);
#42=TOROIDAL_SURFACE('',#3451,0.003525,0.0005);
#43=TOROIDAL_SURFACE('',#3452,0.00449999999999995,0.0005);
#44=TOROIDAL_SURFACE('',#3454,0.00449999999999995,0.0005);
#45=TOROIDAL_SURFACE('',#3455,0.0045,0.0005);
#46=TOROIDAL_SURFACE('',#3457,0.00180000000000004,0.0005);
#47=TOROIDAL_SURFACE('',#3458,0.00180000000000003,0.0005);
#48=TOROIDAL_SURFACE('',#3459,0.003525,0.0005);
#49=CYLINDRICAL_SURFACE('',#3244,0.001);
#50=CYLINDRICAL_SURFACE('',#3248,0.001);
#51=CYLINDRICAL_SURFACE('',#3267,0.0015);
#52=CYLINDRICAL_SURFACE('',#3269,0.0015);
#53=CYLINDRICAL_SURFACE('',#3275,0.004);
#54=CYLINDRICAL_SURFACE('',#3277,0.004);
#55=CYLINDRICAL_SURFACE('',#3281,0.0013);
#56=CYLINDRICAL_SURFACE('',#3284,0.0013);
#57=CYLINDRICAL_SURFACE('',#3286,0.001);
#58=CYLINDRICAL_SURFACE('',#3295,0.0013);
#59=CYLINDRICAL_SURFACE('',#3298,0.0013);
#60=CYLINDRICAL_SURFACE('',#3300,0.001);
#61=CYLINDRICAL_SURFACE('',#3303,0.0005);
#62=CYLINDRICAL_SURFACE('',#3304,0.0005);
#63=CYLINDRICAL_SURFACE('',#3335,0.005);
#64=CYLINDRICAL_SURFACE('',#3337,0.003105);
#65=CYLINDRICAL_SURFACE('',#3342,0.005);
#66=CYLINDRICAL_SURFACE('',#3344,0.003105);
#67=CYLINDRICAL_SURFACE('',#3353,0.0025);
#68=CYLINDRICAL_SURFACE('',#3356,0.0025);
#69=CYLINDRICAL_SURFACE('',#3358,0.0025);
#70=CYLINDRICAL_SURFACE('',#3360,0.0025);
#71=CYLINDRICAL_SURFACE('',#3361,0.0025);
#72=CYLINDRICAL_SURFACE('',#3364,0.0025);
#73=CYLINDRICAL_SURFACE('',#3366,0.0025);
#74=CYLINDRICAL_SURFACE('',#3368,0.0025);
#75=CYLINDRICAL_SURFACE('',#3369,0.0025);
#76=CYLINDRICAL_SURFACE('',#3371,0.0025);
#77=CYLINDRICAL_SURFACE('',#3372,0.0025);
#78=CYLINDRICAL_SURFACE('',#3374,0.0025);
#79=CYLINDRICAL_SURFACE('',#3375,0.001);
#80=CYLINDRICAL_SURFACE('',#3376,0.001);
#81=CYLINDRICAL_SURFACE('',#3378,0.00130000000000004);
#82=CYLINDRICAL_SURFACE('',#3386,0.00130000000000003);
#83=CYLINDRICAL_SURFACE('',#3398,0.005);
#84=CYLINDRICAL_SURFACE('',#3400,0.005);
#85=CYLINDRICAL_SURFACE('',#3403,0.003025);
#86=CYLINDRICAL_SURFACE('',#3406,0.00499999999999994);
#87=CYLINDRICAL_SURFACE('',#3413,0.00130000000000004);
#88=CYLINDRICAL_SURFACE('',#3421,0.00130000000000003);
#89=CYLINDRICAL_SURFACE('',#3433,0.005);
#90=CYLINDRICAL_SURFACE('',#3435,0.005);
#91=CYLINDRICAL_SURFACE('',#3438,0.003025);
#92=CYLINDRICAL_SURFACE('',#3441,0.00499999999999994);
#93=CYLINDRICAL_SURFACE('',#3448,0.0005);
#94=CYLINDRICAL_SURFACE('',#3453,0.0005);
#95=CYLINDRICAL_SURFACE('',#3456,0.0005);
#96=CYLINDRICAL_SURFACE('',#3460,0.0005);
#97=CYLINDRICAL_SURFACE('',#3461,0.003);
#98=CYLINDRICAL_SURFACE('',#3463,0.003);
#99=CYLINDRICAL_SURFACE('',#3465,0.002);
#100=CYLINDRICAL_SURFACE('',#3467,0.002);
#101=CYLINDRICAL_SURFACE('',#3469,0.003);
#102=CYLINDRICAL_SURFACE('',#3471,0.003);
#103=CYLINDRICAL_SURFACE('',#3474,0.002);
#104=CYLINDRICAL_SURFACE('',#3476,0.002);
#105=CYLINDRICAL_SURFACE('',#3485,0.001);
#106=CYLINDRICAL_SURFACE('',#3486,0.001);
#107=ELLIPSE('',#3204,0.00292380440016309,0.001);
#108=ELLIPSE('',#3205,0.00266044443118978,0.0025);
#109=ELLIPSE('',#3206,0.00266044443118978,0.0025);
#110=ELLIPSE('',#3207,0.00292380440016309,0.001);
#111=ELLIPSE('',#3256,0.00730951100040772,0.0025);
#112=ELLIPSE('',#3257,0.00266044443118978,0.0025);
#113=ELLIPSE('',#3260,0.00266044443118978,0.0025);
#114=ELLIPSE('',#3261,0.00730951100040772,0.0025);
#115=ELLIPSE('',#3354,0.00353553390593274,0.0025);
#116=ELLIPSE('',#3355,0.00353553390593274,0.0025);
#117=ELLIPSE('',#3357,0.00353553390593274,0.0025);
#118=ELLIPSE('',#3359,0.00353553390593274,0.0025);
#119=ELLIPSE('',#3362,0.00353553390593274,0.0025);
#120=ELLIPSE('',#3363,0.00353553390593274,0.0025);
#121=ELLIPSE('',#3365,0.00353553390593274,0.0025);
#122=ELLIPSE('',#3367,0.00353553390593274,0.0025);
#123=ELLIPSE('',#3370,0.00353553390593274,0.0025);
#124=ELLIPSE('',#3373,0.00353553390593274,0.0025);
#125=CIRCLE('',#3190,0.002);
#126=CIRCLE('',#3191,0.002);
#127=CIRCLE('',#3192,0.003);
#128=CIRCLE('',#3193,0.003);
#129=CIRCLE('',#3195,0.003);
#130=CIRCLE('',#3196,0.003);
#131=CIRCLE('',#3197,0.002);
#132=CIRCLE('',#3198,0.002);
#133=CIRCLE('',#3200,0.001);
#134=CIRCLE('',#3201,0.001);
#135=CIRCLE('',#3202,0.0013);
#136=CIRCLE('',#3203,0.0013);
#137=CIRCLE('',#3208,0.0013);
#138=CIRCLE('',#3209,0.0013);
#139=CIRCLE('',#3211,0.001);
#140=CIRCLE('',#3215,0.003525);
#141=CIRCLE('',#3216,0.00180000000000003);
#142=CIRCLE('',#3217,0.0045);
#143=CIRCLE('',#3218,0.00180000000000004);
#144=CIRCLE('',#3220,0.003525);
#145=CIRCLE('',#3221,0.00499999999999994);
#146=CIRCLE('',#3222,0.00180000000000003);
#147=CIRCLE('',#3224,0.00449999999999994);
#148=CIRCLE('',#3225,0.003525);
#149=CIRCLE('',#3226,0.00180000000000003);
#150=CIRCLE('',#3228,0.00180000000000003);
#151=CIRCLE('',#3229,0.003525);
#152=CIRCLE('',#3230,0.00180000000000004);
#153=CIRCLE('',#3231,0.0045);
#154=CIRCLE('',#3233,0.0015);
#155=CIRCLE('',#3234,0.0015);
#156=CIRCLE('',#3236,0.003);
#157=CIRCLE('',#3237,0.003);
#158=CIRCLE('',#3238,0.002);
#159=CIRCLE('',#3239,0.002);
#160=CIRCLE('',#3241,0.0015);
#161=CIRCLE('',#3243,0.001);
#162=CIRCLE('',#3245,0.001);
#163=CIRCLE('',#3247,0.0015);
#164=CIRCLE('',#3249,0.001);
#165=CIRCLE('',#3251,0.002);
#166=CIRCLE('',#3252,0.002);
#167=CIRCLE('',#3253,0.003);
#168=CIRCLE('',#3254,0.003);
#169=CIRCLE('',#3258,0.004);
#170=CIRCLE('',#3259,0.004);
#171=CIRCLE('',#3263,0.004);
#172=CIRCLE('',#3264,0.004);
#173=CIRCLE('',#3276,0.004);
#174=CIRCLE('',#3278,0.004);
#175=CIRCLE('',#3280,0.0005);
#176=CIRCLE('',#3282,0.0013);
#177=CIRCLE('',#3285,0.0013);
#178=CIRCLE('',#3287,0.001);
#179=CIRCLE('',#3289,0.0005);
#180=CIRCLE('',#3292,0.0005);
#181=CIRCLE('',#3294,0.0005);
#182=CIRCLE('',#3296,0.0013);
#183=CIRCLE('',#3299,0.0013);
#184=CIRCLE('',#3301,0.001);
#185=CIRCLE('',#3306,0.0025);
#186=CIRCLE('',#3309,0.005);
#187=CIRCLE('',#3313,0.005);
#188=CIRCLE('',#3314,0.001);
#189=CIRCLE('',#3315,0.0025);
#190=CIRCLE('',#3316,0.005);
#191=CIRCLE('',#3317,0.003105);
#192=CIRCLE('',#3319,0.005);
#193=CIRCLE('',#3323,0.005);
#194=CIRCLE('',#3326,0.0025);
#195=CIRCLE('',#3328,0.005);
#196=CIRCLE('',#3329,0.0025);
#197=CIRCLE('',#3330,0.001);
#198=CIRCLE('',#3331,0.005);
#199=CIRCLE('',#3332,0.003105);
#200=CIRCLE('',#3334,0.005);
#201=CIRCLE('',#3336,0.005);
#202=CIRCLE('',#3338,0.003105);
#203=CIRCLE('',#3340,0.003605);
#204=CIRCLE('',#3341,0.0045);
#205=CIRCLE('',#3343,0.005);
#206=CIRCLE('',#3345,0.003105);
#207=CIRCLE('',#3347,0.0045);
#208=CIRCLE('',#3348,0.003605);
#209=CIRCLE('',#3379,0.00130000000000004);
#210=CIRCLE('',#3380,0.00130000000000004);
#211=CIRCLE('',#3381,0.00130000000000004);
#212=CIRCLE('',#3384,0.005);
#213=CIRCLE('',#3387,0.00130000000000003);
#214=CIRCLE('',#3388,0.00130000000000003);
#215=CIRCLE('',#3389,0.00130000000000003);
#216=CIRCLE('',#3392,0.005);
#217=CIRCLE('',#3393,0.005);
#218=CIRCLE('',#3394,0.003025);
#219=CIRCLE('',#3395,0.00499999999999994);
#220=CIRCLE('',#3397,0.005);
#221=CIRCLE('',#3399,0.005);
#222=CIRCLE('',#3401,0.005);
#223=CIRCLE('',#3404,0.003025);
#224=CIRCLE('',#3407,0.00499999999999994);
#225=CIRCLE('',#3409,0.003525);
#226=CIRCLE('',#3410,0.00449999999999995);
#227=CIRCLE('',#3411,0.00180000000000004);
#228=CIRCLE('',#3414,0.00130000000000004);
#229=CIRCLE('',#3415,0.00130000000000004);
#230=CIRCLE('',#3416,0.00130000000000004);
#231=CIRCLE('',#3419,0.005);
#232=CIRCLE('',#3422,0.00130000000000003);
#233=CIRCLE('',#3423,0.00130000000000003);
#234=CIRCLE('',#3424,0.00130000000000003);
#235=CIRCLE('',#3427,0.005);
#236=CIRCLE('',#3429,0.00499999999999994);
#237=CIRCLE('',#3430,0.003025);
#238=CIRCLE('',#3431,0.005);
#239=CIRCLE('',#3432,0.005);
#240=CIRCLE('',#3434,0.005);
#241=CIRCLE('',#3436,0.005);
#242=CIRCLE('',#3439,0.003025);
#243=CIRCLE('',#3443,0.003525);
#244=CIRCLE('',#3444,0.00180000000000004);
#245=CIRCLE('',#3445,0.00449999999999995);
#246=CIRCLE('',#3478,0.001);
#247=CIRCLE('',#3479,0.001);
#248=CIRCLE('',#3481,0.001);
#249=CIRCLE('',#3482,0.001);
#250=ORIENTED_EDGE('',*,*,#1184,.F.);
#251=ORIENTED_EDGE('',*,*,#1185,.T.);
#252=ORIENTED_EDGE('',*,*,#1186,.T.);
#253=ORIENTED_EDGE('',*,*,#1187,.F.);
#254=ORIENTED_EDGE('',*,*,#1188,.T.);
#255=ORIENTED_EDGE('',*,*,#1189,.T.);
#256=ORIENTED_EDGE('',*,*,#1190,.T.);
#257=ORIENTED_EDGE('',*,*,#1191,.F.);
#258=ORIENTED_EDGE('',*,*,#1192,.F.);
#259=ORIENTED_EDGE('',*,*,#1193,.T.);
#260=ORIENTED_EDGE('',*,*,#1194,.T.);
#261=ORIENTED_EDGE('',*,*,#1195,.F.);
#262=ORIENTED_EDGE('',*,*,#1196,.T.);
#263=ORIENTED_EDGE('',*,*,#1197,.T.);
#264=ORIENTED_EDGE('',*,*,#1198,.T.);
#265=ORIENTED_EDGE('',*,*,#1199,.F.);
#266=ORIENTED_EDGE('',*,*,#1200,.F.);
#267=ORIENTED_EDGE('',*,*,#1198,.F.);
#268=ORIENTED_EDGE('',*,*,#1201,.F.);
#269=ORIENTED_EDGE('',*,*,#1202,.T.);
#270=ORIENTED_EDGE('',*,*,#1203,.T.);
#271=ORIENTED_EDGE('',*,*,#1186,.F.);
#272=ORIENTED_EDGE('',*,*,#1204,.T.);
#273=ORIENTED_EDGE('',*,*,#1205,.T.);
#274=ORIENTED_EDGE('',*,*,#1206,.F.);
#275=ORIENTED_EDGE('',*,*,#1207,.T.);
#276=ORIENTED_EDGE('',*,*,#1208,.T.);
#277=ORIENTED_EDGE('',*,*,#1209,.F.);
#278=ORIENTED_EDGE('',*,*,#1210,.T.);
#279=ORIENTED_EDGE('',*,*,#1211,.F.);
#280=ORIENTED_EDGE('',*,*,#1212,.T.);
#281=ORIENTED_EDGE('',*,*,#1213,.T.);
#282=ORIENTED_EDGE('',*,*,#1214,.F.);
#283=ORIENTED_EDGE('',*,*,#1215,.T.);
#284=ORIENTED_EDGE('',*,*,#1216,.F.);
#285=ORIENTED_EDGE('',*,*,#1217,.T.);
#286=ORIENTED_EDGE('',*,*,#1218,.T.);
#287=ORIENTED_EDGE('',*,*,#1219,.F.);
#288=ORIENTED_EDGE('',*,*,#1220,.T.);
#289=ORIENTED_EDGE('',*,*,#1221,.T.);
#290=ORIENTED_EDGE('',*,*,#1222,.T.);
#291=ORIENTED_EDGE('',*,*,#1223,.T.);
#292=ORIENTED_EDGE('',*,*,#1224,.T.);
#293=ORIENTED_EDGE('',*,*,#1225,.T.);
#294=ORIENTED_EDGE('',*,*,#1226,.T.);
#295=ORIENTED_EDGE('',*,*,#1227,.T.);
#296=ORIENTED_EDGE('',*,*,#1228,.T.);
#297=ORIENTED_EDGE('',*,*,#1229,.F.);
#298=ORIENTED_EDGE('',*,*,#1230,.T.);
#299=ORIENTED_EDGE('',*,*,#1189,.F.);
#300=ORIENTED_EDGE('',*,*,#1231,.T.);
#301=ORIENTED_EDGE('',*,*,#1232,.F.);
#302=ORIENTED_EDGE('',*,*,#1233,.F.);
#303=ORIENTED_EDGE('',*,*,#1234,.F.);
#304=ORIENTED_EDGE('',*,*,#1235,.F.);
#305=ORIENTED_EDGE('',*,*,#1236,.F.);
#306=ORIENTED_EDGE('',*,*,#1237,.F.);
#307=ORIENTED_EDGE('',*,*,#1238,.T.);
#308=ORIENTED_EDGE('',*,*,#1239,.T.);
#309=ORIENTED_EDGE('',*,*,#1240,.T.);
#310=ORIENTED_EDGE('',*,*,#1241,.T.);
#311=ORIENTED_EDGE('',*,*,#1242,.T.);
#312=ORIENTED_EDGE('',*,*,#1243,.T.);
#313=ORIENTED_EDGE('',*,*,#1244,.F.);
#314=ORIENTED_EDGE('',*,*,#1195,.T.);
#315=ORIENTED_EDGE('',*,*,#1245,.F.);
#316=ORIENTED_EDGE('',*,*,#1246,.T.);
#317=ORIENTED_EDGE('',*,*,#1247,.F.);
#318=ORIENTED_EDGE('',*,*,#1248,.F.);
#319=ORIENTED_EDGE('',*,*,#1249,.F.);
#320=ORIENTED_EDGE('',*,*,#1250,.F.);
#321=ORIENTED_EDGE('',*,*,#1251,.T.);
#322=ORIENTED_EDGE('',*,*,#1252,.T.);
#323=ORIENTED_EDGE('',*,*,#1253,.T.);
#324=ORIENTED_EDGE('',*,*,#1254,.T.);
#325=ORIENTED_EDGE('',*,*,#1255,.F.);
#326=ORIENTED_EDGE('',*,*,#1256,.T.);
#327=ORIENTED_EDGE('',*,*,#1257,.T.);
#328=ORIENTED_EDGE('',*,*,#1258,.T.);
#329=ORIENTED_EDGE('',*,*,#1259,.T.);
#330=ORIENTED_EDGE('',*,*,#1260,.T.);
#331=ORIENTED_EDGE('',*,*,#1261,.T.);
#332=ORIENTED_EDGE('',*,*,#1262,.F.);
#333=ORIENTED_EDGE('',*,*,#1263,.T.);
#334=ORIENTED_EDGE('',*,*,#1264,.T.);
#335=ORIENTED_EDGE('',*,*,#1265,.F.);
#336=ORIENTED_EDGE('',*,*,#1266,.T.);
#337=ORIENTED_EDGE('',*,*,#1267,.F.);
#338=ORIENTED_EDGE('',*,*,#1268,.T.);
#339=ORIENTED_EDGE('',*,*,#1269,.F.);
#340=ORIENTED_EDGE('',*,*,#1270,.F.);
#341=ORIENTED_EDGE('',*,*,#1271,.F.);
#342=ORIENTED_EDGE('',*,*,#1272,.F.);
#343=ORIENTED_EDGE('',*,*,#1273,.T.);
#344=ORIENTED_EDGE('',*,*,#1274,.T.);
#345=ORIENTED_EDGE('',*,*,#1275,.F.);
#346=ORIENTED_EDGE('',*,*,#1276,.T.);
#347=ORIENTED_EDGE('',*,*,#1277,.F.);
#348=ORIENTED_EDGE('',*,*,#1278,.F.);
#349=ORIENTED_EDGE('',*,*,#1261,.F.);
#350=ORIENTED_EDGE('',*,*,#1279,.T.);
#351=ORIENTED_EDGE('',*,*,#1280,.T.);
#352=ORIENTED_EDGE('',*,*,#1256,.F.);
#353=ORIENTED_EDGE('',*,*,#1281,.T.);
#354=ORIENTED_EDGE('',*,*,#1219,.T.);
#355=ORIENTED_EDGE('',*,*,#1282,.T.);
#356=ORIENTED_EDGE('',*,*,#1283,.T.);
#357=ORIENTED_EDGE('',*,*,#1214,.T.);
#358=ORIENTED_EDGE('',*,*,#1284,.T.);
#359=ORIENTED_EDGE('',*,*,#1285,.T.);
#360=ORIENTED_EDGE('',*,*,#1286,.F.);
#361=ORIENTED_EDGE('',*,*,#1287,.T.);
#362=ORIENTED_EDGE('',*,*,#1288,.F.);
#363=ORIENTED_EDGE('',*,*,#1206,.T.);
#364=ORIENTED_EDGE('',*,*,#1289,.F.);
#365=ORIENTED_EDGE('',*,*,#1290,.F.);
#366=ORIENTED_EDGE('',*,*,#1291,.T.);
#367=ORIENTED_EDGE('',*,*,#1292,.F.);
#368=ORIENTED_EDGE('',*,*,#1293,.F.);
#369=ORIENTED_EDGE('',*,*,#1294,.F.);
#370=ORIENTED_EDGE('',*,*,#1226,.F.);
#371=ORIENTED_EDGE('',*,*,#1295,.F.);
#372=ORIENTED_EDGE('',*,*,#1296,.T.);
#373=ORIENTED_EDGE('',*,*,#1297,.F.);
#374=ORIENTED_EDGE('',*,*,#1298,.F.);
#375=ORIENTED_EDGE('',*,*,#1299,.F.);
#376=ORIENTED_EDGE('',*,*,#1249,.T.);
#377=ORIENTED_EDGE('',*,*,#1300,.T.);
#378=ORIENTED_EDGE('',*,*,#1301,.T.);
#379=ORIENTED_EDGE('',*,*,#1302,.T.);
#380=ORIENTED_EDGE('',*,*,#1303,.T.);
#381=ORIENTED_EDGE('',*,*,#1304,.T.);
#382=ORIENTED_EDGE('',*,*,#1305,.T.);
#383=ORIENTED_EDGE('',*,*,#1306,.T.);
#384=ORIENTED_EDGE('',*,*,#1307,.T.);
#385=ORIENTED_EDGE('',*,*,#1308,.T.);
#386=ORIENTED_EDGE('',*,*,#1309,.T.);
#387=ORIENTED_EDGE('',*,*,#1310,.T.);
#388=ORIENTED_EDGE('',*,*,#1311,.T.);
#389=ORIENTED_EDGE('',*,*,#1312,.T.);
#390=ORIENTED_EDGE('',*,*,#1313,.T.);
#391=ORIENTED_EDGE('',*,*,#1314,.T.);
#392=ORIENTED_EDGE('',*,*,#1315,.T.);
#393=ORIENTED_EDGE('',*,*,#1241,.F.);
#394=ORIENTED_EDGE('',*,*,#1316,.T.);
#395=ORIENTED_EDGE('',*,*,#1317,.F.);
#396=ORIENTED_EDGE('',*,*,#1318,.F.);
#397=ORIENTED_EDGE('',*,*,#1239,.F.);
#398=ORIENTED_EDGE('',*,*,#1319,.T.);
#399=ORIENTED_EDGE('',*,*,#1320,.F.);
#400=ORIENTED_EDGE('',*,*,#1321,.F.);
#401=ORIENTED_EDGE('',*,*,#1322,.F.);
#402=ORIENTED_EDGE('',*,*,#1323,.F.);
#403=ORIENTED_EDGE('',*,*,#1324,.T.);
#404=ORIENTED_EDGE('',*,*,#1289,.T.);
#405=ORIENTED_EDGE('',*,*,#1236,.T.);
#406=ORIENTED_EDGE('',*,*,#1325,.F.);
#407=ORIENTED_EDGE('',*,*,#1326,.T.);
#408=ORIENTED_EDGE('',*,*,#1327,.T.);
#409=ORIENTED_EDGE('',*,*,#1234,.T.);
#410=ORIENTED_EDGE('',*,*,#1328,.F.);
#411=ORIENTED_EDGE('',*,*,#1329,.T.);
#412=ORIENTED_EDGE('',*,*,#1330,.T.);
#413=ORIENTED_EDGE('',*,*,#1232,.T.);
#414=ORIENTED_EDGE('',*,*,#1331,.F.);
#415=ORIENTED_EDGE('',*,*,#1332,.T.);
#416=ORIENTED_EDGE('',*,*,#1202,.F.);
#417=ORIENTED_EDGE('',*,*,#1333,.F.);
#418=ORIENTED_EDGE('',*,*,#1334,.F.);
#419=ORIENTED_EDGE('',*,*,#1243,.F.);
#420=ORIENTED_EDGE('',*,*,#1335,.T.);
#421=ORIENTED_EDGE('',*,*,#1336,.F.);
#422=ORIENTED_EDGE('',*,*,#1337,.F.);
#423=ORIENTED_EDGE('',*,*,#1338,.F.);
#424=ORIENTED_EDGE('',*,*,#1339,.T.);
#425=ORIENTED_EDGE('',*,*,#1340,.T.);
#426=ORIENTED_EDGE('',*,*,#1341,.F.);
#427=ORIENTED_EDGE('',*,*,#1298,.T.);
#428=ORIENTED_EDGE('',*,*,#1342,.T.);
#429=ORIENTED_EDGE('',*,*,#1343,.T.);
#430=ORIENTED_EDGE('',*,*,#1344,.F.);
#431=ORIENTED_EDGE('',*,*,#1345,.T.);
#432=ORIENTED_EDGE('',*,*,#1193,.F.);
#433=ORIENTED_EDGE('',*,*,#1346,.T.);
#434=ORIENTED_EDGE('',*,*,#1347,.F.);
#435=ORIENTED_EDGE('',*,*,#1348,.F.);
#436=ORIENTED_EDGE('',*,*,#1349,.T.);
#437=ORIENTED_EDGE('',*,*,#1350,.T.);
#438=ORIENTED_EDGE('',*,*,#1351,.F.);
#439=ORIENTED_EDGE('',*,*,#1352,.T.);
#440=ORIENTED_EDGE('',*,*,#1353,.F.);
#441=ORIENTED_EDGE('',*,*,#1273,.F.);
#442=ORIENTED_EDGE('',*,*,#1354,.T.);
#443=ORIENTED_EDGE('',*,*,#1355,.T.);
#444=ORIENTED_EDGE('',*,*,#1356,.T.);
#445=ORIENTED_EDGE('',*,*,#1357,.T.);
#446=ORIENTED_EDGE('',*,*,#1358,.T.);
#447=ORIENTED_EDGE('',*,*,#1359,.T.);
#448=ORIENTED_EDGE('',*,*,#1360,.F.);
#449=ORIENTED_EDGE('',*,*,#1361,.F.);
#450=ORIENTED_EDGE('',*,*,#1348,.T.);
#451=ORIENTED_EDGE('',*,*,#1362,.F.);
#452=ORIENTED_EDGE('',*,*,#1360,.T.);
#453=ORIENTED_EDGE('',*,*,#1363,.T.);
#454=ORIENTED_EDGE('',*,*,#1319,.F.);
#455=ORIENTED_EDGE('',*,*,#1238,.F.);
#456=ORIENTED_EDGE('',*,*,#1364,.F.);
#457=ORIENTED_EDGE('',*,*,#1356,.F.);
#458=ORIENTED_EDGE('',*,*,#1362,.T.);
#459=ORIENTED_EDGE('',*,*,#1347,.T.);
#460=ORIENTED_EDGE('',*,*,#1365,.T.);
#461=ORIENTED_EDGE('',*,*,#1366,.T.);
#462=ORIENTED_EDGE('',*,*,#1367,.F.);
#463=ORIENTED_EDGE('',*,*,#1291,.F.);
#464=ORIENTED_EDGE('',*,*,#1368,.F.);
#465=ORIENTED_EDGE('',*,*,#1369,.F.);
#466=ORIENTED_EDGE('',*,*,#1370,.F.);
#467=ORIENTED_EDGE('',*,*,#1292,.T.);
#468=ORIENTED_EDGE('',*,*,#1367,.T.);
#469=ORIENTED_EDGE('',*,*,#1371,.T.);
#470=ORIENTED_EDGE('',*,*,#1372,.T.);
#471=ORIENTED_EDGE('',*,*,#1373,.T.);
#472=ORIENTED_EDGE('',*,*,#1374,.F.);
#473=ORIENTED_EDGE('',*,*,#1375,.F.);
#474=ORIENTED_EDGE('',*,*,#1271,.T.);
#475=ORIENTED_EDGE('',*,*,#1376,.T.);
#476=ORIENTED_EDGE('',*,*,#1377,.F.);
#477=ORIENTED_EDGE('',*,*,#1378,.T.);
#478=ORIENTED_EDGE('',*,*,#1379,.F.);
#479=ORIENTED_EDGE('',*,*,#1380,.F.);
#480=ORIENTED_EDGE('',*,*,#1293,.T.);
#481=ORIENTED_EDGE('',*,*,#1370,.T.);
#482=ORIENTED_EDGE('',*,*,#1381,.F.);
#483=ORIENTED_EDGE('',*,*,#1191,.T.);
#484=ORIENTED_EDGE('',*,*,#1382,.F.);
#485=ORIENTED_EDGE('',*,*,#1383,.T.);
#486=ORIENTED_EDGE('',*,*,#1384,.F.);
#487=ORIENTED_EDGE('',*,*,#1385,.F.);
#488=ORIENTED_EDGE('',*,*,#1296,.F.);
#489=ORIENTED_EDGE('',*,*,#1386,.T.);
#490=ORIENTED_EDGE('',*,*,#1255,.T.);
#491=ORIENTED_EDGE('',*,*,#1387,.T.);
#492=ORIENTED_EDGE('',*,*,#1388,.T.);
#493=ORIENTED_EDGE('',*,*,#1250,.T.);
#494=ORIENTED_EDGE('',*,*,#1299,.T.);
#495=ORIENTED_EDGE('',*,*,#1341,.T.);
#496=ORIENTED_EDGE('',*,*,#1389,.T.);
#497=ORIENTED_EDGE('',*,*,#1390,.T.);
#498=ORIENTED_EDGE('',*,*,#1391,.T.);
#499=ORIENTED_EDGE('',*,*,#1386,.F.);
#500=ORIENTED_EDGE('',*,*,#1295,.T.);
#501=ORIENTED_EDGE('',*,*,#1225,.F.);
#502=ORIENTED_EDGE('',*,*,#1392,.T.);
#503=ORIENTED_EDGE('',*,*,#1393,.T.);
#504=ORIENTED_EDGE('',*,*,#1220,.F.);
#505=ORIENTED_EDGE('',*,*,#1281,.F.);
#506=ORIENTED_EDGE('',*,*,#1394,.F.);
#507=ORIENTED_EDGE('',*,*,#1354,.F.);
#508=ORIENTED_EDGE('',*,*,#1272,.T.);
#509=ORIENTED_EDGE('',*,*,#1375,.T.);
#510=ORIENTED_EDGE('',*,*,#1395,.F.);
#511=ORIENTED_EDGE('',*,*,#1396,.T.);
#512=ORIENTED_EDGE('',*,*,#1397,.F.);
#513=ORIENTED_EDGE('',*,*,#1398,.T.);
#514=ORIENTED_EDGE('',*,*,#1397,.T.);
#515=ORIENTED_EDGE('',*,*,#1399,.T.);
#516=ORIENTED_EDGE('',*,*,#1390,.F.);
#517=ORIENTED_EDGE('',*,*,#1400,.T.);
#518=ORIENTED_EDGE('',*,*,#1324,.F.);
#519=ORIENTED_EDGE('',*,*,#1401,.F.);
#520=ORIENTED_EDGE('',*,*,#1368,.T.);
#521=ORIENTED_EDGE('',*,*,#1290,.T.);
#522=ORIENTED_EDGE('',*,*,#1323,.T.);
#523=ORIENTED_EDGE('',*,*,#1402,.F.);
#524=ORIENTED_EDGE('',*,*,#1365,.F.);
#525=ORIENTED_EDGE('',*,*,#1401,.T.);
#526=ORIENTED_EDGE('',*,*,#1322,.T.);
#527=ORIENTED_EDGE('',*,*,#1403,.F.);
#528=ORIENTED_EDGE('',*,*,#1357,.F.);
#529=ORIENTED_EDGE('',*,*,#1364,.T.);
#530=ORIENTED_EDGE('',*,*,#1346,.F.);
#531=ORIENTED_EDGE('',*,*,#1192,.T.);
#532=ORIENTED_EDGE('',*,*,#1381,.T.);
#533=ORIENTED_EDGE('',*,*,#1369,.T.);
#534=ORIENTED_EDGE('',*,*,#1366,.F.);
#535=ORIENTED_EDGE('',*,*,#1402,.T.);
#536=ORIENTED_EDGE('',*,*,#1321,.T.);
#537=ORIENTED_EDGE('',*,*,#1404,.F.);
#538=ORIENTED_EDGE('',*,*,#1358,.F.);
#539=ORIENTED_EDGE('',*,*,#1403,.T.);
#540=ORIENTED_EDGE('',*,*,#1320,.T.);
#541=ORIENTED_EDGE('',*,*,#1363,.F.);
#542=ORIENTED_EDGE('',*,*,#1359,.F.);
#543=ORIENTED_EDGE('',*,*,#1404,.T.);
#544=ORIENTED_EDGE('',*,*,#1203,.F.);
#545=ORIENTED_EDGE('',*,*,#1332,.F.);
#546=ORIENTED_EDGE('',*,*,#1405,.T.);
#547=ORIENTED_EDGE('',*,*,#1187,.T.);
#548=ORIENTED_EDGE('',*,*,#1231,.F.);
#549=ORIENTED_EDGE('',*,*,#1188,.F.);
#550=ORIENTED_EDGE('',*,*,#1405,.F.);
#551=ORIENTED_EDGE('',*,*,#1331,.T.);
#552=ORIENTED_EDGE('',*,*,#1201,.T.);
#553=ORIENTED_EDGE('',*,*,#1197,.F.);
#554=ORIENTED_EDGE('',*,*,#1406,.F.);
#555=ORIENTED_EDGE('',*,*,#1333,.T.);
#556=ORIENTED_EDGE('',*,*,#1196,.F.);
#557=ORIENTED_EDGE('',*,*,#1244,.T.);
#558=ORIENTED_EDGE('',*,*,#1334,.T.);
#559=ORIENTED_EDGE('',*,*,#1406,.T.);
#560=ORIENTED_EDGE('',*,*,#1391,.F.);
#561=ORIENTED_EDGE('',*,*,#1399,.F.);
#562=ORIENTED_EDGE('',*,*,#1396,.F.);
#563=ORIENTED_EDGE('',*,*,#1407,.F.);
#564=ORIENTED_EDGE('',*,*,#1371,.F.);
#565=ORIENTED_EDGE('',*,*,#1389,.F.);
#566=ORIENTED_EDGE('',*,*,#1340,.F.);
#567=ORIENTED_EDGE('',*,*,#1408,.F.);
#568=ORIENTED_EDGE('',*,*,#1398,.F.);
#569=ORIENTED_EDGE('',*,*,#1400,.F.);
#570=ORIENTED_EDGE('',*,*,#1274,.F.);
#571=ORIENTED_EDGE('',*,*,#1353,.T.);
#572=ORIENTED_EDGE('',*,*,#1409,.T.);
#573=ORIENTED_EDGE('',*,*,#1264,.F.);
#574=ORIENTED_EDGE('',*,*,#1410,.T.);
#575=ORIENTED_EDGE('',*,*,#1411,.T.);
#576=ORIENTED_EDGE('',*,*,#1412,.T.);
#577=ORIENTED_EDGE('',*,*,#1275,.T.);
#578=ORIENTED_EDGE('',*,*,#1412,.F.);
#579=ORIENTED_EDGE('',*,*,#1413,.F.);
#580=ORIENTED_EDGE('',*,*,#1414,.T.);
#581=ORIENTED_EDGE('',*,*,#1276,.F.);
#582=ORIENTED_EDGE('',*,*,#1414,.F.);
#583=ORIENTED_EDGE('',*,*,#1415,.T.);
#584=ORIENTED_EDGE('',*,*,#1416,.T.);
#585=ORIENTED_EDGE('',*,*,#1277,.T.);
#586=ORIENTED_EDGE('',*,*,#1416,.F.);
#587=ORIENTED_EDGE('',*,*,#1417,.F.);
#588=ORIENTED_EDGE('',*,*,#1418,.T.);
#589=ORIENTED_EDGE('',*,*,#1419,.T.);
#590=ORIENTED_EDGE('',*,*,#1268,.F.);
#591=ORIENTED_EDGE('',*,*,#1278,.T.);
#592=ORIENTED_EDGE('',*,*,#1418,.F.);
#593=ORIENTED_EDGE('',*,*,#1420,.F.);
#594=ORIENTED_EDGE('',*,*,#1421,.T.);
#595=ORIENTED_EDGE('',*,*,#1262,.T.);
#596=ORIENTED_EDGE('',*,*,#1419,.F.);
#597=ORIENTED_EDGE('',*,*,#1411,.F.);
#598=ORIENTED_EDGE('',*,*,#1422,.T.);
#599=ORIENTED_EDGE('',*,*,#1420,.T.);
#600=ORIENTED_EDGE('',*,*,#1417,.T.);
#601=ORIENTED_EDGE('',*,*,#1415,.F.);
#602=ORIENTED_EDGE('',*,*,#1413,.T.);
#603=ORIENTED_EDGE('',*,*,#1270,.T.);
#604=ORIENTED_EDGE('',*,*,#1423,.F.);
#605=ORIENTED_EDGE('',*,*,#1424,.F.);
#606=ORIENTED_EDGE('',*,*,#1425,.T.);
#607=ORIENTED_EDGE('',*,*,#1211,.T.);
#608=ORIENTED_EDGE('',*,*,#1426,.T.);
#609=ORIENTED_EDGE('',*,*,#1376,.F.);
#610=ORIENTED_EDGE('',*,*,#1284,.F.);
#611=ORIENTED_EDGE('',*,*,#1213,.F.);
#612=ORIENTED_EDGE('',*,*,#1427,.T.);
#613=ORIENTED_EDGE('',*,*,#1428,.T.);
#614=ORIENTED_EDGE('',*,*,#1429,.T.);
#615=ORIENTED_EDGE('',*,*,#1285,.F.);
#616=ORIENTED_EDGE('',*,*,#1429,.F.);
#617=ORIENTED_EDGE('',*,*,#1430,.T.);
#618=ORIENTED_EDGE('',*,*,#1431,.T.);
#619=ORIENTED_EDGE('',*,*,#1286,.T.);
#620=ORIENTED_EDGE('',*,*,#1431,.F.);
#621=ORIENTED_EDGE('',*,*,#1432,.F.);
#622=ORIENTED_EDGE('',*,*,#1433,.T.);
#623=ORIENTED_EDGE('',*,*,#1287,.F.);
#624=ORIENTED_EDGE('',*,*,#1433,.F.);
#625=ORIENTED_EDGE('',*,*,#1434,.T.);
#626=ORIENTED_EDGE('',*,*,#1423,.T.);
#627=ORIENTED_EDGE('',*,*,#1435,.F.);
#628=ORIENTED_EDGE('',*,*,#1269,.T.);
#629=ORIENTED_EDGE('',*,*,#1428,.F.);
#630=ORIENTED_EDGE('',*,*,#1436,.T.);
#631=ORIENTED_EDGE('',*,*,#1424,.T.);
#632=ORIENTED_EDGE('',*,*,#1434,.F.);
#633=ORIENTED_EDGE('',*,*,#1432,.T.);
#634=ORIENTED_EDGE('',*,*,#1430,.F.);
#635=ORIENTED_EDGE('',*,*,#1435,.T.);
#636=ORIENTED_EDGE('',*,*,#1427,.F.);
#637=ORIENTED_EDGE('',*,*,#1212,.F.);
#638=ORIENTED_EDGE('',*,*,#1425,.F.);
#639=ORIENTED_EDGE('',*,*,#1436,.F.);
#640=ORIENTED_EDGE('',*,*,#1421,.F.);
#641=ORIENTED_EDGE('',*,*,#1422,.F.);
#642=ORIENTED_EDGE('',*,*,#1410,.F.);
#643=ORIENTED_EDGE('',*,*,#1263,.F.);
#644=ORIENTED_EDGE('',*,*,#1437,.T.);
#645=ORIENTED_EDGE('',*,*,#1438,.T.);
#646=ORIENTED_EDGE('',*,*,#1439,.T.);
#647=ORIENTED_EDGE('',*,*,#1440,.T.);
#648=ORIENTED_EDGE('',*,*,#1441,.F.);
#649=ORIENTED_EDGE('',*,*,#1442,.F.);
#650=ORIENTED_EDGE('',*,*,#1443,.T.);
#651=ORIENTED_EDGE('',*,*,#1444,.T.);
#652=ORIENTED_EDGE('',*,*,#1445,.F.);
#653=ORIENTED_EDGE('',*,*,#1444,.F.);
#654=ORIENTED_EDGE('',*,*,#1446,.T.);
#655=ORIENTED_EDGE('',*,*,#1441,.T.);
#656=ORIENTED_EDGE('',*,*,#1447,.F.);
#657=ORIENTED_EDGE('',*,*,#1448,.F.);
#658=ORIENTED_EDGE('',*,*,#1449,.T.);
#659=ORIENTED_EDGE('',*,*,#1450,.T.);
#660=ORIENTED_EDGE('',*,*,#1451,.F.);
#661=ORIENTED_EDGE('',*,*,#1452,.F.);
#662=ORIENTED_EDGE('',*,*,#1453,.T.);
#663=ORIENTED_EDGE('',*,*,#1454,.T.);
#664=ORIENTED_EDGE('',*,*,#1455,.T.);
#665=ORIENTED_EDGE('',*,*,#1454,.F.);
#666=ORIENTED_EDGE('',*,*,#1456,.T.);
#667=ORIENTED_EDGE('',*,*,#1448,.T.);
#668=ORIENTED_EDGE('',*,*,#1457,.F.);
#669=ORIENTED_EDGE('',*,*,#1439,.F.);
#670=ORIENTED_EDGE('',*,*,#1458,.T.);
#671=ORIENTED_EDGE('',*,*,#1259,.F.);
#672=ORIENTED_EDGE('',*,*,#1459,.T.);
#673=ORIENTED_EDGE('',*,*,#1442,.T.);
#674=ORIENTED_EDGE('',*,*,#1460,.F.);
#675=ORIENTED_EDGE('',*,*,#1461,.T.);
#676=ORIENTED_EDGE('',*,*,#1450,.F.);
#677=ORIENTED_EDGE('',*,*,#1462,.T.);
#678=ORIENTED_EDGE('',*,*,#1452,.T.);
#679=ORIENTED_EDGE('',*,*,#1463,.F.);
#680=ORIENTED_EDGE('',*,*,#1464,.F.);
#681=ORIENTED_EDGE('',*,*,#1465,.T.);
#682=ORIENTED_EDGE('',*,*,#1466,.T.);
#683=ORIENTED_EDGE('',*,*,#1467,.T.);
#684=ORIENTED_EDGE('',*,*,#1468,.F.);
#685=ORIENTED_EDGE('',*,*,#1469,.T.);
#686=ORIENTED_EDGE('',*,*,#1470,.T.);
#687=ORIENTED_EDGE('',*,*,#1471,.F.);
#688=ORIENTED_EDGE('',*,*,#1470,.F.);
#689=ORIENTED_EDGE('',*,*,#1472,.T.);
#690=ORIENTED_EDGE('',*,*,#1464,.T.);
#691=ORIENTED_EDGE('',*,*,#1473,.T.);
#692=ORIENTED_EDGE('',*,*,#1474,.F.);
#693=ORIENTED_EDGE('',*,*,#1475,.T.);
#694=ORIENTED_EDGE('',*,*,#1476,.T.);
#695=ORIENTED_EDGE('',*,*,#1477,.T.);
#696=ORIENTED_EDGE('',*,*,#1478,.F.);
#697=ORIENTED_EDGE('',*,*,#1479,.T.);
#698=ORIENTED_EDGE('',*,*,#1480,.T.);
#699=ORIENTED_EDGE('',*,*,#1481,.T.);
#700=ORIENTED_EDGE('',*,*,#1482,.F.);
#701=ORIENTED_EDGE('',*,*,#1466,.F.);
#702=ORIENTED_EDGE('',*,*,#1483,.T.);
#703=ORIENTED_EDGE('',*,*,#1468,.T.);
#704=ORIENTED_EDGE('',*,*,#1484,.T.);
#705=ORIENTED_EDGE('',*,*,#1476,.F.);
#706=ORIENTED_EDGE('',*,*,#1485,.T.);
#707=ORIENTED_EDGE('',*,*,#1216,.T.);
#708=ORIENTED_EDGE('',*,*,#1486,.T.);
#709=ORIENTED_EDGE('',*,*,#1478,.T.);
#710=ORIENTED_EDGE('',*,*,#1487,.T.);
#711=ORIENTED_EDGE('',*,*,#1488,.F.);
#712=ORIENTED_EDGE('',*,*,#1481,.F.);
#713=ORIENTED_EDGE('',*,*,#1489,.T.);
#714=ORIENTED_EDGE('',*,*,#1474,.T.);
#715=ORIENTED_EDGE('',*,*,#1490,.T.);
#716=ORIENTED_EDGE('',*,*,#1491,.T.);
#717=ORIENTED_EDGE('',*,*,#1467,.F.);
#718=ORIENTED_EDGE('',*,*,#1487,.F.);
#719=ORIENTED_EDGE('',*,*,#1482,.T.);
#720=ORIENTED_EDGE('',*,*,#1490,.F.);
#721=ORIENTED_EDGE('',*,*,#1477,.F.);
#722=ORIENTED_EDGE('',*,*,#1484,.F.);
#723=ORIENTED_EDGE('',*,*,#1471,.T.);
#724=ORIENTED_EDGE('',*,*,#1473,.F.);
#725=ORIENTED_EDGE('',*,*,#1492,.T.);
#726=ORIENTED_EDGE('',*,*,#1488,.T.);
#727=ORIENTED_EDGE('',*,*,#1493,.T.);
#728=ORIENTED_EDGE('',*,*,#1494,.T.);
#729=ORIENTED_EDGE('',*,*,#1495,.T.);
#730=ORIENTED_EDGE('',*,*,#1440,.F.);
#731=ORIENTED_EDGE('',*,*,#1457,.T.);
#732=ORIENTED_EDGE('',*,*,#1451,.T.);
#733=ORIENTED_EDGE('',*,*,#1463,.T.);
#734=ORIENTED_EDGE('',*,*,#1455,.F.);
#735=ORIENTED_EDGE('',*,*,#1460,.T.);
#736=ORIENTED_EDGE('',*,*,#1445,.T.);
#737=ORIENTED_EDGE('',*,*,#1447,.T.);
#738=ORIENTED_EDGE('',*,*,#1496,.T.);
#739=ORIENTED_EDGE('',*,*,#1461,.F.);
#740=ORIENTED_EDGE('',*,*,#1497,.T.);
#741=ORIENTED_EDGE('',*,*,#1498,.T.);
#742=ORIENTED_EDGE('',*,*,#1495,.F.);
#743=ORIENTED_EDGE('',*,*,#1497,.F.);
#744=ORIENTED_EDGE('',*,*,#1498,.F.);
#745=ORIENTED_EDGE('',*,*,#1496,.F.);
#746=ORIENTED_EDGE('',*,*,#1492,.F.);
#747=ORIENTED_EDGE('',*,*,#1493,.F.);
#748=ORIENTED_EDGE('',*,*,#1494,.F.);
#749=ORIENTED_EDGE('',*,*,#1491,.F.);
#750=ORIENTED_EDGE('',*,*,#1499,.F.);
#751=ORIENTED_EDGE('',*,*,#1483,.F.);
#752=ORIENTED_EDGE('',*,*,#1500,.F.);
#753=ORIENTED_EDGE('',*,*,#1223,.F.);
#754=ORIENTED_EDGE('',*,*,#1500,.T.);
#755=ORIENTED_EDGE('',*,*,#1465,.F.);
#756=ORIENTED_EDGE('',*,*,#1501,.F.);
#757=ORIENTED_EDGE('',*,*,#1392,.F.);
#758=ORIENTED_EDGE('',*,*,#1224,.F.);
#759=ORIENTED_EDGE('',*,*,#1499,.T.);
#760=ORIENTED_EDGE('',*,*,#1222,.F.);
#761=ORIENTED_EDGE('',*,*,#1502,.F.);
#762=ORIENTED_EDGE('',*,*,#1469,.F.);
#763=ORIENTED_EDGE('',*,*,#1501,.T.);
#764=ORIENTED_EDGE('',*,*,#1472,.F.);
#765=ORIENTED_EDGE('',*,*,#1502,.T.);
#766=ORIENTED_EDGE('',*,*,#1221,.F.);
#767=ORIENTED_EDGE('',*,*,#1393,.F.);
#768=ORIENTED_EDGE('',*,*,#1503,.F.);
#769=ORIENTED_EDGE('',*,*,#1252,.F.);
#770=ORIENTED_EDGE('',*,*,#1504,.F.);
#771=ORIENTED_EDGE('',*,*,#1456,.F.);
#772=ORIENTED_EDGE('',*,*,#1251,.F.);
#773=ORIENTED_EDGE('',*,*,#1388,.F.);
#774=ORIENTED_EDGE('',*,*,#1505,.F.);
#775=ORIENTED_EDGE('',*,*,#1449,.F.);
#776=ORIENTED_EDGE('',*,*,#1504,.T.);
#777=ORIENTED_EDGE('',*,*,#1503,.T.);
#778=ORIENTED_EDGE('',*,*,#1453,.F.);
#779=ORIENTED_EDGE('',*,*,#1506,.F.);
#780=ORIENTED_EDGE('',*,*,#1253,.F.);
#781=ORIENTED_EDGE('',*,*,#1387,.F.);
#782=ORIENTED_EDGE('',*,*,#1254,.F.);
#783=ORIENTED_EDGE('',*,*,#1506,.T.);
#784=ORIENTED_EDGE('',*,*,#1462,.F.);
#785=ORIENTED_EDGE('',*,*,#1505,.T.);
#786=ORIENTED_EDGE('',*,*,#1459,.F.);
#787=ORIENTED_EDGE('',*,*,#1258,.F.);
#788=ORIENTED_EDGE('',*,*,#1507,.F.);
#789=ORIENTED_EDGE('',*,*,#1443,.F.);
#790=ORIENTED_EDGE('',*,*,#1257,.F.);
#791=ORIENTED_EDGE('',*,*,#1280,.F.);
#792=ORIENTED_EDGE('',*,*,#1508,.T.);
#793=ORIENTED_EDGE('',*,*,#1437,.F.);
#794=ORIENTED_EDGE('',*,*,#1446,.F.);
#795=ORIENTED_EDGE('',*,*,#1507,.T.);
#796=ORIENTED_EDGE('',*,*,#1485,.F.);
#797=ORIENTED_EDGE('',*,*,#1475,.F.);
#798=ORIENTED_EDGE('',*,*,#1509,.F.);
#799=ORIENTED_EDGE('',*,*,#1217,.F.);
#800=ORIENTED_EDGE('',*,*,#1509,.T.);
#801=ORIENTED_EDGE('',*,*,#1489,.F.);
#802=ORIENTED_EDGE('',*,*,#1480,.F.);
#803=ORIENTED_EDGE('',*,*,#1510,.T.);
#804=ORIENTED_EDGE('',*,*,#1282,.F.);
#805=ORIENTED_EDGE('',*,*,#1218,.F.);
#806=ORIENTED_EDGE('',*,*,#1458,.F.);
#807=ORIENTED_EDGE('',*,*,#1438,.F.);
#808=ORIENTED_EDGE('',*,*,#1508,.F.);
#809=ORIENTED_EDGE('',*,*,#1279,.F.);
#810=ORIENTED_EDGE('',*,*,#1260,.F.);
#811=ORIENTED_EDGE('',*,*,#1486,.F.);
#812=ORIENTED_EDGE('',*,*,#1215,.F.);
#813=ORIENTED_EDGE('',*,*,#1283,.F.);
#814=ORIENTED_EDGE('',*,*,#1510,.F.);
#815=ORIENTED_EDGE('',*,*,#1479,.F.);
#816=ORIENTED_EDGE('',*,*,#1511,.F.);
#817=ORIENTED_EDGE('',*,*,#1512,.F.);
#818=ORIENTED_EDGE('',*,*,#1513,.T.);
#819=ORIENTED_EDGE('',*,*,#1233,.T.);
#820=ORIENTED_EDGE('',*,*,#1514,.T.);
#821=ORIENTED_EDGE('',*,*,#1515,.T.);
#822=ORIENTED_EDGE('',*,*,#1516,.F.);
#823=ORIENTED_EDGE('',*,*,#1517,.T.);
#824=ORIENTED_EDGE('',*,*,#1512,.T.);
#825=ORIENTED_EDGE('',*,*,#1518,.F.);
#826=ORIENTED_EDGE('',*,*,#1519,.T.);
#827=ORIENTED_EDGE('',*,*,#1329,.F.);
#828=ORIENTED_EDGE('',*,*,#1520,.F.);
#829=ORIENTED_EDGE('',*,*,#1521,.T.);
#830=ORIENTED_EDGE('',*,*,#1330,.F.);
#831=ORIENTED_EDGE('',*,*,#1519,.F.);
#832=ORIENTED_EDGE('',*,*,#1522,.T.);
#833=ORIENTED_EDGE('',*,*,#1518,.T.);
#834=ORIENTED_EDGE('',*,*,#1511,.T.);
#835=ORIENTED_EDGE('',*,*,#1523,.F.);
#836=ORIENTED_EDGE('',*,*,#1524,.F.);
#837=ORIENTED_EDGE('',*,*,#1525,.T.);
#838=ORIENTED_EDGE('',*,*,#1336,.T.);
#839=ORIENTED_EDGE('',*,*,#1526,.T.);
#840=ORIENTED_EDGE('',*,*,#1527,.T.);
#841=ORIENTED_EDGE('',*,*,#1528,.F.);
#842=ORIENTED_EDGE('',*,*,#1529,.T.);
#843=ORIENTED_EDGE('',*,*,#1530,.F.);
#844=ORIENTED_EDGE('',*,*,#1531,.F.);
#845=ORIENTED_EDGE('',*,*,#1532,.T.);
#846=ORIENTED_EDGE('',*,*,#1242,.F.);
#847=ORIENTED_EDGE('',*,*,#1533,.F.);
#848=ORIENTED_EDGE('',*,*,#1530,.T.);
#849=ORIENTED_EDGE('',*,*,#1337,.T.);
#850=ORIENTED_EDGE('',*,*,#1525,.F.);
#851=ORIENTED_EDGE('',*,*,#1534,.T.);
#852=ORIENTED_EDGE('',*,*,#1520,.T.);
#853=ORIENTED_EDGE('',*,*,#1328,.T.);
#854=ORIENTED_EDGE('',*,*,#1513,.F.);
#855=ORIENTED_EDGE('',*,*,#1517,.F.);
#856=ORIENTED_EDGE('',*,*,#1535,.T.);
#857=ORIENTED_EDGE('',*,*,#1536,.F.);
#858=ORIENTED_EDGE('',*,*,#1537,.F.);
#859=ORIENTED_EDGE('',*,*,#1538,.F.);
#860=ORIENTED_EDGE('',*,*,#1539,.T.);
#861=ORIENTED_EDGE('',*,*,#1531,.T.);
#862=ORIENTED_EDGE('',*,*,#1533,.T.);
#863=ORIENTED_EDGE('',*,*,#1335,.F.);
#864=ORIENTED_EDGE('',*,*,#1532,.F.);
#865=ORIENTED_EDGE('',*,*,#1529,.F.);
#866=ORIENTED_EDGE('',*,*,#1540,.T.);
#867=ORIENTED_EDGE('',*,*,#1523,.T.);
#868=ORIENTED_EDGE('',*,*,#1528,.T.);
#869=ORIENTED_EDGE('',*,*,#1541,.T.);
#870=ORIENTED_EDGE('',*,*,#1514,.F.);
#871=ORIENTED_EDGE('',*,*,#1522,.F.);
#872=ORIENTED_EDGE('',*,*,#1521,.F.);
#873=ORIENTED_EDGE('',*,*,#1534,.F.);
#874=ORIENTED_EDGE('',*,*,#1524,.T.);
#875=ORIENTED_EDGE('',*,*,#1540,.F.);
#876=ORIENTED_EDGE('',*,*,#1516,.T.);
#877=ORIENTED_EDGE('',*,*,#1542,.T.);
#878=ORIENTED_EDGE('',*,*,#1543,.F.);
#879=ORIENTED_EDGE('',*,*,#1535,.F.);
#880=ORIENTED_EDGE('',*,*,#1543,.T.);
#881=ORIENTED_EDGE('',*,*,#1544,.T.);
#882=ORIENTED_EDGE('',*,*,#1545,.F.);
#883=ORIENTED_EDGE('',*,*,#1536,.T.);
#884=ORIENTED_EDGE('',*,*,#1545,.T.);
#885=ORIENTED_EDGE('',*,*,#1546,.T.);
#886=ORIENTED_EDGE('',*,*,#1547,.F.);
#887=ORIENTED_EDGE('',*,*,#1537,.T.);
#888=ORIENTED_EDGE('',*,*,#1547,.T.);
#889=ORIENTED_EDGE('',*,*,#1548,.T.);
#890=ORIENTED_EDGE('',*,*,#1549,.F.);
#891=ORIENTED_EDGE('',*,*,#1538,.T.);
#892=ORIENTED_EDGE('',*,*,#1549,.T.);
#893=ORIENTED_EDGE('',*,*,#1550,.T.);
#894=ORIENTED_EDGE('',*,*,#1526,.F.);
#895=ORIENTED_EDGE('',*,*,#1539,.F.);
#896=ORIENTED_EDGE('',*,*,#1551,.T.);
#897=ORIENTED_EDGE('',*,*,#1552,.T.);
#898=ORIENTED_EDGE('',*,*,#1553,.T.);
#899=ORIENTED_EDGE('',*,*,#1554,.T.);
#900=ORIENTED_EDGE('',*,*,#1555,.F.);
#901=ORIENTED_EDGE('',*,*,#1556,.F.);
#902=ORIENTED_EDGE('',*,*,#1557,.T.);
#903=ORIENTED_EDGE('',*,*,#1235,.T.);
#904=ORIENTED_EDGE('',*,*,#1558,.F.);
#905=ORIENTED_EDGE('',*,*,#1559,.T.);
#906=ORIENTED_EDGE('',*,*,#1560,.T.);
#907=ORIENTED_EDGE('',*,*,#1561,.T.);
#908=ORIENTED_EDGE('',*,*,#1556,.T.);
#909=ORIENTED_EDGE('',*,*,#1562,.F.);
#910=ORIENTED_EDGE('',*,*,#1563,.T.);
#911=ORIENTED_EDGE('',*,*,#1326,.F.);
#912=ORIENTED_EDGE('',*,*,#1564,.F.);
#913=ORIENTED_EDGE('',*,*,#1565,.T.);
#914=ORIENTED_EDGE('',*,*,#1325,.T.);
#915=ORIENTED_EDGE('',*,*,#1557,.F.);
#916=ORIENTED_EDGE('',*,*,#1561,.F.);
#917=ORIENTED_EDGE('',*,*,#1566,.F.);
#918=ORIENTED_EDGE('',*,*,#1564,.T.);
#919=ORIENTED_EDGE('',*,*,#1567,.F.);
#920=ORIENTED_EDGE('',*,*,#1568,.F.);
#921=ORIENTED_EDGE('',*,*,#1569,.T.);
#922=ORIENTED_EDGE('',*,*,#1317,.T.);
#923=ORIENTED_EDGE('',*,*,#1570,.F.);
#924=ORIENTED_EDGE('',*,*,#1571,.T.);
#925=ORIENTED_EDGE('',*,*,#1572,.T.);
#926=ORIENTED_EDGE('',*,*,#1573,.T.);
#927=ORIENTED_EDGE('',*,*,#1574,.F.);
#928=ORIENTED_EDGE('',*,*,#1575,.F.);
#929=ORIENTED_EDGE('',*,*,#1576,.T.);
#930=ORIENTED_EDGE('',*,*,#1240,.F.);
#931=ORIENTED_EDGE('',*,*,#1577,.F.);
#932=ORIENTED_EDGE('',*,*,#1574,.T.);
#933=ORIENTED_EDGE('',*,*,#1318,.T.);
#934=ORIENTED_EDGE('',*,*,#1569,.F.);
#935=ORIENTED_EDGE('',*,*,#1578,.F.);
#936=ORIENTED_EDGE('',*,*,#1575,.T.);
#937=ORIENTED_EDGE('',*,*,#1577,.T.);
#938=ORIENTED_EDGE('',*,*,#1316,.F.);
#939=ORIENTED_EDGE('',*,*,#1576,.F.);
#940=ORIENTED_EDGE('',*,*,#1573,.F.);
#941=ORIENTED_EDGE('',*,*,#1579,.F.);
#942=ORIENTED_EDGE('',*,*,#1580,.T.);
#943=ORIENTED_EDGE('',*,*,#1581,.T.);
#944=ORIENTED_EDGE('',*,*,#1582,.T.);
#945=ORIENTED_EDGE('',*,*,#1583,.F.);
#946=ORIENTED_EDGE('',*,*,#1562,.T.);
#947=ORIENTED_EDGE('',*,*,#1555,.T.);
#948=ORIENTED_EDGE('',*,*,#1327,.F.);
#949=ORIENTED_EDGE('',*,*,#1563,.F.);
#950=ORIENTED_EDGE('',*,*,#1584,.F.);
#951=ORIENTED_EDGE('',*,*,#1567,.T.);
#952=ORIENTED_EDGE('',*,*,#1560,.F.);
#953=ORIENTED_EDGE('',*,*,#1585,.T.);
#954=ORIENTED_EDGE('',*,*,#1570,.T.);
#955=ORIENTED_EDGE('',*,*,#1578,.T.);
#956=ORIENTED_EDGE('',*,*,#1568,.T.);
#957=ORIENTED_EDGE('',*,*,#1584,.T.);
#958=ORIENTED_EDGE('',*,*,#1565,.F.);
#959=ORIENTED_EDGE('',*,*,#1566,.T.);
#960=ORIENTED_EDGE('',*,*,#1586,.F.);
#961=ORIENTED_EDGE('',*,*,#1587,.T.);
#962=ORIENTED_EDGE('',*,*,#1558,.T.);
#963=ORIENTED_EDGE('',*,*,#1583,.T.);
#964=ORIENTED_EDGE('',*,*,#1588,.F.);
#965=ORIENTED_EDGE('',*,*,#1589,.T.);
#966=ORIENTED_EDGE('',*,*,#1586,.T.);
#967=ORIENTED_EDGE('',*,*,#1582,.F.);
#968=ORIENTED_EDGE('',*,*,#1590,.F.);
#969=ORIENTED_EDGE('',*,*,#1591,.T.);
#970=ORIENTED_EDGE('',*,*,#1588,.T.);
#971=ORIENTED_EDGE('',*,*,#1581,.F.);
#972=ORIENTED_EDGE('',*,*,#1592,.F.);
#973=ORIENTED_EDGE('',*,*,#1593,.T.);
#974=ORIENTED_EDGE('',*,*,#1590,.T.);
#975=ORIENTED_EDGE('',*,*,#1580,.F.);
#976=ORIENTED_EDGE('',*,*,#1306,.F.);
#977=ORIENTED_EDGE('',*,*,#1594,.T.);
#978=ORIENTED_EDGE('',*,*,#1592,.T.);
#979=ORIENTED_EDGE('',*,*,#1579,.T.);
#980=ORIENTED_EDGE('',*,*,#1572,.F.);
#981=ORIENTED_EDGE('',*,*,#1595,.T.);
#982=ORIENTED_EDGE('',*,*,#1596,.T.);
#983=ORIENTED_EDGE('',*,*,#1597,.T.);
#984=ORIENTED_EDGE('',*,*,#1598,.T.);
#985=ORIENTED_EDGE('',*,*,#1599,.T.);
#986=ORIENTED_EDGE('',*,*,#1600,.F.);
#987=ORIENTED_EDGE('',*,*,#1550,.F.);
#988=ORIENTED_EDGE('',*,*,#1601,.F.);
#989=ORIENTED_EDGE('',*,*,#1308,.F.);
#990=ORIENTED_EDGE('',*,*,#1602,.F.);
#991=ORIENTED_EDGE('',*,*,#1541,.F.);
#992=ORIENTED_EDGE('',*,*,#1603,.F.);
#993=ORIENTED_EDGE('',*,*,#1315,.F.);
#994=ORIENTED_EDGE('',*,*,#1601,.T.);
#995=ORIENTED_EDGE('',*,*,#1548,.F.);
#996=ORIENTED_EDGE('',*,*,#1604,.F.);
#997=ORIENTED_EDGE('',*,*,#1309,.F.);
#998=ORIENTED_EDGE('',*,*,#1600,.T.);
#999=ORIENTED_EDGE('',*,*,#1311,.F.);
#1000=ORIENTED_EDGE('',*,*,#1605,.F.);
#1001=ORIENTED_EDGE('',*,*,#1312,.F.);
#1002=ORIENTED_EDGE('',*,*,#1603,.T.);
#1003=ORIENTED_EDGE('',*,*,#1527,.F.);
#1004=ORIENTED_EDGE('',*,*,#1602,.T.);
#1005=ORIENTED_EDGE('',*,*,#1314,.F.);
#1006=ORIENTED_EDGE('',*,*,#1606,.F.);
#1007=ORIENTED_EDGE('',*,*,#1554,.F.);
#1008=ORIENTED_EDGE('',*,*,#1607,.F.);
#1009=ORIENTED_EDGE('',*,*,#1515,.F.);
#1010=ORIENTED_EDGE('',*,*,#1604,.T.);
#1011=ORIENTED_EDGE('',*,*,#1546,.F.);
#1012=ORIENTED_EDGE('',*,*,#1608,.F.);
#1013=ORIENTED_EDGE('',*,*,#1551,.F.);
#1014=ORIENTED_EDGE('',*,*,#1606,.T.);
#1015=ORIENTED_EDGE('',*,*,#1313,.F.);
#1016=ORIENTED_EDGE('',*,*,#1605,.T.);
#1017=ORIENTED_EDGE('',*,*,#1310,.F.);
#1018=ORIENTED_EDGE('',*,*,#1607,.T.);
#1019=ORIENTED_EDGE('',*,*,#1553,.F.);
#1020=ORIENTED_EDGE('',*,*,#1609,.F.);
#1021=ORIENTED_EDGE('',*,*,#1542,.F.);
#1022=ORIENTED_EDGE('',*,*,#1608,.T.);
#1023=ORIENTED_EDGE('',*,*,#1544,.F.);
#1024=ORIENTED_EDGE('',*,*,#1609,.T.);
#1025=ORIENTED_EDGE('',*,*,#1552,.F.);
#1026=ORIENTED_EDGE('',*,*,#1610,.F.);
#1027=ORIENTED_EDGE('',*,*,#1587,.F.);
#1028=ORIENTED_EDGE('',*,*,#1611,.F.);
#1029=ORIENTED_EDGE('',*,*,#1599,.F.);
#1030=ORIENTED_EDGE('',*,*,#1612,.F.);
#1031=ORIENTED_EDGE('',*,*,#1585,.F.);
#1032=ORIENTED_EDGE('',*,*,#1613,.F.);
#1033=ORIENTED_EDGE('',*,*,#1302,.F.);
#1034=ORIENTED_EDGE('',*,*,#1611,.T.);
#1035=ORIENTED_EDGE('',*,*,#1589,.F.);
#1036=ORIENTED_EDGE('',*,*,#1614,.F.);
#1037=ORIENTED_EDGE('',*,*,#1596,.F.);
#1038=ORIENTED_EDGE('',*,*,#1610,.T.);
#1039=ORIENTED_EDGE('',*,*,#1598,.F.);
#1040=ORIENTED_EDGE('',*,*,#1615,.F.);
#1041=ORIENTED_EDGE('',*,*,#1303,.F.);
#1042=ORIENTED_EDGE('',*,*,#1613,.T.);
#1043=ORIENTED_EDGE('',*,*,#1559,.F.);
#1044=ORIENTED_EDGE('',*,*,#1612,.T.);
#1045=ORIENTED_EDGE('',*,*,#1301,.F.);
#1046=ORIENTED_EDGE('',*,*,#1616,.F.);
#1047=ORIENTED_EDGE('',*,*,#1307,.F.);
#1048=ORIENTED_EDGE('',*,*,#1595,.F.);
#1049=ORIENTED_EDGE('',*,*,#1571,.F.);
#1050=ORIENTED_EDGE('',*,*,#1614,.T.);
#1051=ORIENTED_EDGE('',*,*,#1591,.F.);
#1052=ORIENTED_EDGE('',*,*,#1617,.F.);
#1053=ORIENTED_EDGE('',*,*,#1304,.F.);
#1054=ORIENTED_EDGE('',*,*,#1616,.T.);
#1055=ORIENTED_EDGE('',*,*,#1300,.F.);
#1056=ORIENTED_EDGE('',*,*,#1615,.T.);
#1057=ORIENTED_EDGE('',*,*,#1597,.F.);
#1058=ORIENTED_EDGE('',*,*,#1594,.F.);
#1059=ORIENTED_EDGE('',*,*,#1305,.F.);
#1060=ORIENTED_EDGE('',*,*,#1617,.T.);
#1061=ORIENTED_EDGE('',*,*,#1593,.F.);
#1062=ORIENTED_EDGE('',*,*,#1618,.T.);
#1063=ORIENTED_EDGE('',*,*,#1382,.T.);
#1064=ORIENTED_EDGE('',*,*,#1190,.F.);
#1065=ORIENTED_EDGE('',*,*,#1230,.F.);
#1066=ORIENTED_EDGE('',*,*,#1229,.T.);
#1067=ORIENTED_EDGE('',*,*,#1619,.T.);
#1068=ORIENTED_EDGE('',*,*,#1383,.F.);
#1069=ORIENTED_EDGE('',*,*,#1618,.F.);
#1070=ORIENTED_EDGE('',*,*,#1620,.T.);
#1071=ORIENTED_EDGE('',*,*,#1384,.T.);
#1072=ORIENTED_EDGE('',*,*,#1619,.F.);
#1073=ORIENTED_EDGE('',*,*,#1228,.F.);
#1074=ORIENTED_EDGE('',*,*,#1294,.T.);
#1075=ORIENTED_EDGE('',*,*,#1385,.T.);
#1076=ORIENTED_EDGE('',*,*,#1620,.F.);
#1077=ORIENTED_EDGE('',*,*,#1227,.F.);
#1078=ORIENTED_EDGE('',*,*,#1621,.T.);
#1079=ORIENTED_EDGE('',*,*,#1377,.T.);
#1080=ORIENTED_EDGE('',*,*,#1426,.F.);
#1081=ORIENTED_EDGE('',*,*,#1210,.F.);
#1082=ORIENTED_EDGE('',*,*,#1209,.T.);
#1083=ORIENTED_EDGE('',*,*,#1622,.T.);
#1084=ORIENTED_EDGE('',*,*,#1378,.F.);
#1085=ORIENTED_EDGE('',*,*,#1621,.F.);
#1086=ORIENTED_EDGE('',*,*,#1623,.T.);
#1087=ORIENTED_EDGE('',*,*,#1379,.T.);
#1088=ORIENTED_EDGE('',*,*,#1622,.F.);
#1089=ORIENTED_EDGE('',*,*,#1208,.F.);
#1090=ORIENTED_EDGE('',*,*,#1288,.T.);
#1091=ORIENTED_EDGE('',*,*,#1380,.T.);
#1092=ORIENTED_EDGE('',*,*,#1623,.F.);
#1093=ORIENTED_EDGE('',*,*,#1207,.F.);
#1094=ORIENTED_EDGE('',*,*,#1624,.T.);
#1095=ORIENTED_EDGE('',*,*,#1247,.T.);
#1096=ORIENTED_EDGE('',*,*,#1625,.F.);
#1097=ORIENTED_EDGE('',*,*,#1343,.F.);
#1098=ORIENTED_EDGE('',*,*,#1344,.T.);
#1099=ORIENTED_EDGE('',*,*,#1625,.T.);
#1100=ORIENTED_EDGE('',*,*,#1246,.F.);
#1101=ORIENTED_EDGE('',*,*,#1626,.F.);
#1102=ORIENTED_EDGE('',*,*,#1626,.T.);
#1103=ORIENTED_EDGE('',*,*,#1245,.T.);
#1104=ORIENTED_EDGE('',*,*,#1194,.F.);
#1105=ORIENTED_EDGE('',*,*,#1345,.F.);
#1106=ORIENTED_EDGE('',*,*,#1297,.T.);
#1107=ORIENTED_EDGE('',*,*,#1248,.T.);
#1108=ORIENTED_EDGE('',*,*,#1624,.F.);
#1109=ORIENTED_EDGE('',*,*,#1342,.F.);
#1110=ORIENTED_EDGE('',*,*,#1361,.T.);
#1111=ORIENTED_EDGE('',*,*,#1237,.T.);
#1112=ORIENTED_EDGE('',*,*,#1627,.F.);
#1113=ORIENTED_EDGE('',*,*,#1349,.F.);
#1114=ORIENTED_EDGE('',*,*,#1627,.T.);
#1115=ORIENTED_EDGE('',*,*,#1267,.T.);
#1116=ORIENTED_EDGE('',*,*,#1628,.F.);
#1117=ORIENTED_EDGE('',*,*,#1350,.F.);
#1118=ORIENTED_EDGE('',*,*,#1351,.T.);
#1119=ORIENTED_EDGE('',*,*,#1628,.T.);
#1120=ORIENTED_EDGE('',*,*,#1266,.F.);
#1121=ORIENTED_EDGE('',*,*,#1629,.F.);
#1122=ORIENTED_EDGE('',*,*,#1629,.T.);
#1123=ORIENTED_EDGE('',*,*,#1265,.T.);
#1124=ORIENTED_EDGE('',*,*,#1409,.F.);
#1125=ORIENTED_EDGE('',*,*,#1352,.F.);
#1126=ORIENTED_EDGE('',*,*,#1630,.F.);
#1127=ORIENTED_EDGE('',*,*,#1408,.T.);
#1128=ORIENTED_EDGE('',*,*,#1631,.T.);
#1129=ORIENTED_EDGE('',*,*,#1632,.T.);
#1130=ORIENTED_EDGE('',*,*,#1633,.T.);
#1131=ORIENTED_EDGE('',*,*,#1407,.T.);
#1132=ORIENTED_EDGE('',*,*,#1634,.T.);
#1133=ORIENTED_EDGE('',*,*,#1373,.F.);
#1134=ORIENTED_EDGE('',*,*,#1635,.T.);
#1135=ORIENTED_EDGE('',*,*,#1636,.F.);
#1136=ORIENTED_EDGE('',*,*,#1637,.T.);
#1137=ORIENTED_EDGE('',*,*,#1338,.T.);
#1138=ORIENTED_EDGE('',*,*,#1636,.T.);
#1139=ORIENTED_EDGE('',*,*,#1638,.T.);
#1140=ORIENTED_EDGE('',*,*,#1632,.F.);
#1141=ORIENTED_EDGE('',*,*,#1639,.T.);
#1142=ORIENTED_EDGE('',*,*,#1355,.F.);
#1143=ORIENTED_EDGE('',*,*,#1394,.T.);
#1144=ORIENTED_EDGE('',*,*,#1630,.T.);
#1145=ORIENTED_EDGE('',*,*,#1395,.T.);
#1146=ORIENTED_EDGE('',*,*,#1374,.T.);
#1147=ORIENTED_EDGE('',*,*,#1634,.F.);
#1148=ORIENTED_EDGE('',*,*,#1633,.F.);
#1149=ORIENTED_EDGE('',*,*,#1638,.F.);
#1150=ORIENTED_EDGE('',*,*,#1635,.F.);
#1151=ORIENTED_EDGE('',*,*,#1372,.F.);
#1152=ORIENTED_EDGE('',*,*,#1631,.F.);
#1153=ORIENTED_EDGE('',*,*,#1339,.F.);
#1154=ORIENTED_EDGE('',*,*,#1637,.F.);
#1155=ORIENTED_EDGE('',*,*,#1639,.F.);
#1156=ORIENTED_EDGE('',*,*,#1200,.T.);
#1157=ORIENTED_EDGE('',*,*,#1640,.F.);
#1158=ORIENTED_EDGE('',*,*,#1641,.F.);
#1159=ORIENTED_EDGE('',*,*,#1642,.T.);
#1160=ORIENTED_EDGE('',*,*,#1643,.T.);
#1161=ORIENTED_EDGE('',*,*,#1199,.T.);
#1162=ORIENTED_EDGE('',*,*,#1204,.F.);
#1163=ORIENTED_EDGE('',*,*,#1185,.F.);
#1164=ORIENTED_EDGE('',*,*,#1644,.F.);
#1165=ORIENTED_EDGE('',*,*,#1645,.F.);
#1166=ORIENTED_EDGE('',*,*,#1646,.T.);
#1167=ORIENTED_EDGE('',*,*,#1647,.T.);
#1168=ORIENTED_EDGE('',*,*,#1205,.F.);
#1169=ORIENTED_EDGE('',*,*,#1647,.F.);
#1170=ORIENTED_EDGE('',*,*,#1648,.T.);
#1171=ORIENTED_EDGE('',*,*,#1640,.T.);
#1172=ORIENTED_EDGE('',*,*,#1641,.T.);
#1173=ORIENTED_EDGE('',*,*,#1648,.F.);
#1174=ORIENTED_EDGE('',*,*,#1646,.F.);
#1175=ORIENTED_EDGE('',*,*,#1649,.F.);
#1176=ORIENTED_EDGE('',*,*,#1184,.T.);
#1177=ORIENTED_EDGE('',*,*,#1643,.F.);
#1178=ORIENTED_EDGE('',*,*,#1650,.F.);
#1179=ORIENTED_EDGE('',*,*,#1644,.T.);
#1180=ORIENTED_EDGE('',*,*,#1645,.T.);
#1181=ORIENTED_EDGE('',*,*,#1650,.T.);
#1182=ORIENTED_EDGE('',*,*,#1642,.F.);
#1183=ORIENTED_EDGE('',*,*,#1649,.T.);
#1184=EDGE_CURVE('',#1651,#1652,#1955,.T.);
#1185=EDGE_CURVE('',#1651,#1653,#1956,.T.);
#1186=EDGE_CURVE('',#1653,#1654,#1957,.T.);
#1187=EDGE_CURVE('',#1655,#1654,#1958,.T.);
#1188=EDGE_CURVE('',#1655,#1656,#1959,.T.);
#1189=EDGE_CURVE('',#1656,#1657,#1960,.T.);
#1190=EDGE_CURVE('',#1657,#1658,#1961,.T.);
#1191=EDGE_CURVE('',#1659,#1658,#1962,.T.);
#1192=EDGE_CURVE('',#1660,#1659,#1963,.T.);
#1193=EDGE_CURVE('',#1660,#1661,#1964,.T.);
#1194=EDGE_CURVE('',#1661,#1662,#1965,.T.);
#1195=EDGE_CURVE('',#1663,#1662,#1966,.T.);
#1196=EDGE_CURVE('',#1663,#1664,#1967,.T.);
#1197=EDGE_CURVE('',#1664,#1665,#1968,.T.);
#1198=EDGE_CURVE('',#1665,#1666,#1969,.T.);
#1199=EDGE_CURVE('',#1652,#1666,#1970,.T.);
#1200=EDGE_CURVE('',#1666,#1667,#1971,.T.);
#1201=EDGE_CURVE('',#1668,#1665,#1972,.T.);
#1202=EDGE_CURVE('',#1668,#1669,#1973,.T.);
#1203=EDGE_CURVE('',#1669,#1654,#1974,.T.);
#1204=EDGE_CURVE('',#1653,#1670,#1975,.T.);
#1205=EDGE_CURVE('',#1670,#1667,#1976,.T.);
#1206=EDGE_CURVE('',#1671,#1672,#1977,.T.);
#1207=EDGE_CURVE('',#1671,#1673,#1978,.T.);
#1208=EDGE_CURVE('',#1673,#1674,#125,.T.);
#1209=EDGE_CURVE('',#1675,#1674,#1979,.T.);
#1210=EDGE_CURVE('',#1675,#1676,#126,.T.);
#1211=EDGE_CURVE('',#1677,#1676,#1980,.T.);
#1212=EDGE_CURVE('',#1677,#1678,#1981,.F.);
#1213=EDGE_CURVE('',#1678,#1679,#1982,.T.);
#1214=EDGE_CURVE('',#1680,#1679,#1983,.T.);
#1215=EDGE_CURVE('',#1680,#1681,#1984,.F.);
#1216=EDGE_CURVE('',#1682,#1681,#1985,.T.);
#1217=EDGE_CURVE('',#1682,#1683,#1986,.T.);
#1218=EDGE_CURVE('',#1683,#1684,#1987,.T.);
#1219=EDGE_CURVE('',#1685,#1684,#1988,.T.);
#1220=EDGE_CURVE('',#1685,#1686,#1989,.T.);
#1221=EDGE_CURVE('',#1686,#1687,#1990,.T.);
#1222=EDGE_CURVE('',#1687,#1688,#1991,.F.);
#1223=EDGE_CURVE('',#1688,#1689,#1992,.F.);
#1224=EDGE_CURVE('',#1689,#1690,#1993,.T.);
#1225=EDGE_CURVE('',#1690,#1691,#1994,.T.);
#1226=EDGE_CURVE('',#1691,#1692,#1995,.T.);
#1227=EDGE_CURVE('',#1692,#1693,#1996,.T.);
#1228=EDGE_CURVE('',#1693,#1694,#127,.T.);
#1229=EDGE_CURVE('',#1695,#1694,#1997,.T.);
#1230=EDGE_CURVE('',#1695,#1657,#128,.T.);
#1231=EDGE_CURVE('',#1656,#1696,#1998,.T.);
#1232=EDGE_CURVE('',#1697,#1696,#1999,.T.);
#1233=EDGE_CURVE('',#1698,#1697,#2000,.T.);
#1234=EDGE_CURVE('',#1699,#1698,#2001,.T.);
#1235=EDGE_CURVE('',#1700,#1699,#2002,.T.);
#1236=EDGE_CURVE('',#1672,#1700,#2003,.T.);
#1237=EDGE_CURVE('',#1701,#1702,#2004,.T.);
#1238=EDGE_CURVE('',#1701,#1703,#2005,.T.);
#1239=EDGE_CURVE('',#1703,#1704,#2006,.T.);
#1240=EDGE_CURVE('',#1704,#1705,#2007,.T.);
#1241=EDGE_CURVE('',#1705,#1706,#2008,.T.);
#1242=EDGE_CURVE('',#1706,#1707,#2009,.T.);
#1243=EDGE_CURVE('',#1707,#1708,#2010,.T.);
#1244=EDGE_CURVE('',#1663,#1708,#2011,.T.);
#1245=EDGE_CURVE('',#1709,#1662,#129,.T.);
#1246=EDGE_CURVE('',#1709,#1710,#2012,.T.);
#1247=EDGE_CURVE('',#1711,#1710,#130,.T.);
#1248=EDGE_CURVE('',#1712,#1711,#2013,.T.);
#1249=EDGE_CURVE('',#1713,#1712,#2014,.T.);
#1250=EDGE_CURVE('',#1714,#1713,#2015,.T.);
#1251=EDGE_CURVE('',#1714,#1715,#2016,.F.);
#1252=EDGE_CURVE('',#1715,#1716,#2017,.T.);
#1253=EDGE_CURVE('',#1716,#1717,#2018,.T.);
#1254=EDGE_CURVE('',#1717,#1718,#2019,.F.);
#1255=EDGE_CURVE('',#1719,#1718,#2020,.T.);
#1256=EDGE_CURVE('',#1719,#1720,#2021,.T.);
#1257=EDGE_CURVE('',#1720,#1721,#2022,.F.);
#1258=EDGE_CURVE('',#1721,#1722,#2023,.F.);
#1259=EDGE_CURVE('',#1722,#1723,#2024,.T.);
#1260=EDGE_CURVE('',#1723,#1724,#2025,.T.);
#1261=EDGE_CURVE('',#1724,#1725,#2026,.T.);
#1262=EDGE_CURVE('',#1726,#1725,#2027,.T.);
#1263=EDGE_CURVE('',#1726,#1727,#2028,.T.);
#1264=EDGE_CURVE('',#1727,#1728,#2029,.T.);
#1265=EDGE_CURVE('',#1729,#1728,#131,.T.);
#1266=EDGE_CURVE('',#1729,#1730,#2030,.T.);
#1267=EDGE_CURVE('',#1702,#1730,#132,.T.);
#1268=EDGE_CURVE('',#1731,#1731,#133,.T.);
#1269=EDGE_CURVE('',#1732,#1732,#134,.T.);
#1270=EDGE_CURVE('',#1733,#1734,#2031,.T.);
#1271=EDGE_CURVE('',#1735,#1733,#2032,.T.);
#1272=EDGE_CURVE('',#1736,#1735,#2033,.T.);
#1273=EDGE_CURVE('',#1736,#1737,#2034,.T.);
#1274=EDGE_CURVE('',#1737,#1738,#2035,.T.);
#1275=EDGE_CURVE('',#1739,#1738,#135,.T.);
#1276=EDGE_CURVE('',#1739,#1740,#2036,.T.);
#1277=EDGE_CURVE('',#1741,#1740,#136,.T.);
#1278=EDGE_CURVE('',#1725,#1741,#2037,.T.);
#1279=EDGE_CURVE('',#1724,#1742,#107,.F.);
#1280=EDGE_CURVE('',#1742,#1720,#108,.F.);
#1281=EDGE_CURVE('',#1719,#1685,#2038,.T.);
#1282=EDGE_CURVE('',#1684,#1743,#109,.F.);
#1283=EDGE_CURVE('',#1743,#1680,#110,.F.);
#1284=EDGE_CURVE('',#1679,#1744,#2039,.T.);
#1285=EDGE_CURVE('',#1744,#1745,#137,.T.);
#1286=EDGE_CURVE('',#1746,#1745,#2040,.T.);
#1287=EDGE_CURVE('',#1746,#1734,#138,.T.);
#1288=EDGE_CURVE('',#1671,#1747,#2041,.T.);
#1289=EDGE_CURVE('',#1748,#1672,#2042,.T.);
#1290=EDGE_CURVE('',#1749,#1748,#2043,.T.);
#1291=EDGE_CURVE('',#1749,#1750,#2044,.T.);
#1292=EDGE_CURVE('',#1751,#1750,#139,.T.);
#1293=EDGE_CURVE('',#1747,#1751,#2045,.T.);
#1294=EDGE_CURVE('',#1692,#1752,#2046,.T.);
#1295=EDGE_CURVE('',#1753,#1691,#2047,.T.);
#1296=EDGE_CURVE('',#1753,#1752,#2048,.T.);
#1297=EDGE_CURVE('',#1754,#1712,#2049,.T.);
#1298=EDGE_CURVE('',#1755,#1754,#2050,.T.);
#1299=EDGE_CURVE('',#1713,#1755,#2051,.T.);
#1300=EDGE_CURVE('',#1756,#1757,#140,.F.);
#1301=EDGE_CURVE('',#1757,#1758,#141,.F.);
#1302=EDGE_CURVE('',#1758,#1759,#142,.T.);
#1303=EDGE_CURVE('',#1759,#1756,#143,.F.);
#1304=EDGE_CURVE('',#1760,#1761,#144,.F.);
#1305=EDGE_CURVE('',#1761,#1762,#2052,.F.);
#1306=EDGE_CURVE('',#1762,#1763,#145,.T.);
#1307=EDGE_CURVE('',#1763,#1760,#146,.F.);
#1308=EDGE_CURVE('',#1764,#1765,#147,.F.);
#1309=EDGE_CURVE('',#1765,#1766,#2053,.T.);
#1310=EDGE_CURVE('',#1766,#1767,#148,.T.);
#1311=EDGE_CURVE('',#1767,#1764,#149,.T.);
#1312=EDGE_CURVE('',#1768,#1769,#150,.T.);
#1313=EDGE_CURVE('',#1769,#1770,#151,.T.);
#1314=EDGE_CURVE('',#1770,#1771,#152,.T.);
#1315=EDGE_CURVE('',#1771,#1768,#153,.F.);
#1316=EDGE_CURVE('',#1705,#1772,#2054,.T.);
#1317=EDGE_CURVE('',#1773,#1772,#2055,.T.);
#1318=EDGE_CURVE('',#1704,#1773,#2056,.T.);
#1319=EDGE_CURVE('',#1703,#1774,#2057,.T.);
#1320=EDGE_CURVE('',#1775,#1774,#2058,.T.);
#1321=EDGE_CURVE('',#1776,#1775,#154,.T.);
#1322=EDGE_CURVE('',#1777,#1776,#2059,.T.);
#1323=EDGE_CURVE('',#1778,#1777,#155,.T.);
#1324=EDGE_CURVE('',#1778,#1748,#2060,.T.);
#1325=EDGE_CURVE('',#1779,#1700,#2061,.T.);
#1326=EDGE_CURVE('',#1779,#1780,#2062,.T.);
#1327=EDGE_CURVE('',#1780,#1699,#2063,.T.);
#1328=EDGE_CURVE('',#1781,#1698,#2064,.T.);
#1329=EDGE_CURVE('',#1781,#1782,#2065,.T.);
#1330=EDGE_CURVE('',#1782,#1697,#2066,.T.);
#1331=EDGE_CURVE('',#1783,#1696,#2067,.T.);
#1332=EDGE_CURVE('',#1783,#1669,#2068,.T.);
#1333=EDGE_CURVE('',#1784,#1668,#2069,.T.);
#1334=EDGE_CURVE('',#1708,#1784,#2070,.T.);
#1335=EDGE_CURVE('',#1707,#1785,#2071,.T.);
#1336=EDGE_CURVE('',#1786,#1785,#2072,.T.);
#1337=EDGE_CURVE('',#1706,#1786,#2073,.T.);
#1338=EDGE_CURVE('',#1787,#1788,#2074,.T.);
#1339=EDGE_CURVE('',#1787,#1789,#2075,.F.);
#1340=EDGE_CURVE('',#1789,#1790,#2076,.F.);
#1341=EDGE_CURVE('',#1755,#1790,#2077,.T.);
#1342=EDGE_CURVE('',#1754,#1791,#2078,.T.);
#1343=EDGE_CURVE('',#1791,#1792,#156,.T.);
#1344=EDGE_CURVE('',#1793,#1792,#2079,.T.);
#1345=EDGE_CURVE('',#1793,#1661,#157,.T.);
#1346=EDGE_CURVE('',#1660,#1794,#2080,.T.);
#1347=EDGE_CURVE('',#1795,#1794,#2081,.T.);
#1348=EDGE_CURVE('',#1796,#1795,#2082,.T.);
#1349=EDGE_CURVE('',#1796,#1797,#2083,.T.);
#1350=EDGE_CURVE('',#1797,#1798,#158,.T.);
#1351=EDGE_CURVE('',#1799,#1798,#2084,.T.);
#1352=EDGE_CURVE('',#1799,#1800,#159,.T.);
#1353=EDGE_CURVE('',#1737,#1800,#2085,.T.);
#1354=EDGE_CURVE('',#1736,#1801,#2086,.T.);
#1355=EDGE_CURVE('',#1801,#1788,#2087,.T.);
#1356=EDGE_CURVE('',#1802,#1803,#2088,.T.);
#1357=EDGE_CURVE('',#1803,#1804,#2089,.T.);
#1358=EDGE_CURVE('',#1804,#1805,#160,.T.);
#1359=EDGE_CURVE('',#1805,#1806,#2090,.T.);
#1360=EDGE_CURVE('',#1802,#1806,#2091,.T.);
#1361=EDGE_CURVE('',#1796,#1701,#2092,.T.);
#1362=EDGE_CURVE('',#1802,#1795,#161,.T.);
#1363=EDGE_CURVE('',#1806,#1774,#2093,.T.);
#1364=EDGE_CURVE('',#1803,#1794,#162,.T.);
#1365=EDGE_CURVE('',#1807,#1808,#163,.T.);
#1366=EDGE_CURVE('',#1808,#1809,#2094,.T.);
#1367=EDGE_CURVE('',#1750,#1809,#2095,.T.);
#1368=EDGE_CURVE('',#1807,#1749,#2096,.T.);
#1369=EDGE_CURVE('',#1810,#1809,#164,.T.);
#1370=EDGE_CURVE('',#1751,#1810,#2097,.T.);
#1371=EDGE_CURVE('',#1811,#1812,#2098,.T.);
#1372=EDGE_CURVE('',#1812,#1813,#2099,.T.);
#1373=EDGE_CURVE('',#1813,#1814,#2100,.T.);
#1374=EDGE_CURVE('',#1815,#1814,#2101,.T.);
#1375=EDGE_CURVE('',#1735,#1815,#2102,.T.);
#1376=EDGE_CURVE('',#1733,#1816,#2103,.T.);
#1377=EDGE_CURVE('',#1817,#1816,#165,.T.);
#1378=EDGE_CURVE('',#1817,#1818,#2104,.T.);
#1379=EDGE_CURVE('',#1819,#1818,#166,.T.);
#1380=EDGE_CURVE('',#1747,#1819,#2105,.T.);
#1381=EDGE_CURVE('',#1659,#1810,#2106,.T.);
#1382=EDGE_CURVE('',#1820,#1658,#167,.T.);
#1383=EDGE_CURVE('',#1820,#1821,#2107,.T.);
#1384=EDGE_CURVE('',#1822,#1821,#168,.T.);
#1385=EDGE_CURVE('',#1752,#1822,#2108,.T.);
#1386=EDGE_CURVE('',#1753,#1811,#2109,.T.);
#1387=EDGE_CURVE('',#1718,#1823,#111,.T.);
#1388=EDGE_CURVE('',#1823,#1714,#112,.T.);
#1389=EDGE_CURVE('',#1790,#1824,#169,.T.);
#1390=EDGE_CURVE('',#1824,#1825,#2110,.T.);
#1391=EDGE_CURVE('',#1825,#1811,#170,.T.);
#1392=EDGE_CURVE('',#1690,#1826,#113,.T.);
#1393=EDGE_CURVE('',#1826,#1686,#114,.T.);
#1394=EDGE_CURVE('',#1801,#1827,#2111,.T.);
#1395=EDGE_CURVE('',#1828,#1815,#2112,.T.);
#1396=EDGE_CURVE('',#1828,#1829,#171,.F.);
#1397=EDGE_CURVE('',#1830,#1829,#2113,.T.);
#1398=EDGE_CURVE('',#1830,#1827,#172,.F.);
#1399=EDGE_CURVE('',#1829,#1825,#2114,.F.);
#1400=EDGE_CURVE('',#1824,#1830,#2115,.T.);
#1401=EDGE_CURVE('',#1807,#1778,#2116,.T.);
#1402=EDGE_CURVE('',#1808,#1777,#2117,.T.);
#1403=EDGE_CURVE('',#1804,#1776,#2118,.T.);
#1404=EDGE_CURVE('',#1805,#1775,#2119,.T.);
#1405=EDGE_CURVE('',#1783,#1655,#2120,.T.);
#1406=EDGE_CURVE('',#1784,#1664,#2121,.T.);
#1407=EDGE_CURVE('',#1812,#1828,#173,.F.);
#1408=EDGE_CURVE('',#1827,#1789,#174,.F.);
#1409=EDGE_CURVE('',#1800,#1728,#2122,.T.);
#1410=EDGE_CURVE('',#1727,#1831,#175,.F.);
#1411=EDGE_CURVE('',#1831,#1832,#2123,.T.);
#1412=EDGE_CURVE('',#1832,#1738,#2124,.T.);
#1413=EDGE_CURVE('',#1833,#1832,#176,.T.);
#1414=EDGE_CURVE('',#1833,#1739,#2125,.T.);
#1415=EDGE_CURVE('',#1833,#1834,#2126,.T.);
#1416=EDGE_CURVE('',#1834,#1740,#2127,.T.);
#1417=EDGE_CURVE('',#1835,#1834,#177,.T.);
#1418=EDGE_CURVE('',#1835,#1741,#2128,.T.);
#1419=EDGE_CURVE('',#1836,#1836,#178,.T.);
#1420=EDGE_CURVE('',#1837,#1835,#2129,.T.);
#1421=EDGE_CURVE('',#1837,#1726,#179,.T.);
#1422=EDGE_CURVE('',#1831,#1837,#2130,.F.);
#1423=EDGE_CURVE('',#1838,#1734,#2131,.T.);
#1424=EDGE_CURVE('',#1839,#1838,#2132,.T.);
#1425=EDGE_CURVE('',#1839,#1677,#180,.T.);
#1426=EDGE_CURVE('',#1676,#1816,#2133,.T.);
#1427=EDGE_CURVE('',#1678,#1840,#181,.F.);
#1428=EDGE_CURVE('',#1840,#1841,#2134,.T.);
#1429=EDGE_CURVE('',#1841,#1744,#2135,.T.);
#1430=EDGE_CURVE('',#1841,#1842,#182,.T.);
#1431=EDGE_CURVE('',#1842,#1745,#2136,.T.);
#1432=EDGE_CURVE('',#1843,#1842,#2137,.T.);
#1433=EDGE_CURVE('',#1843,#1746,#2138,.T.);
#1434=EDGE_CURVE('',#1843,#1838,#183,.T.);
#1435=EDGE_CURVE('',#1844,#1844,#184,.T.);
#1436=EDGE_CURVE('',#1840,#1839,#2139,.T.);
#1437=EDGE_CURVE('',#1845,#1846,#185,.F.);
#1438=EDGE_CURVE('',#1846,#1847,#2140,.F.);
#1439=EDGE_CURVE('',#1847,#1848,#2141,.T.);
#1440=EDGE_CURVE('',#1848,#1849,#2142,.T.);
#1441=EDGE_CURVE('',#1845,#1849,#2143,.T.);
#1442=EDGE_CURVE('',#1850,#1851,#2144,.T.);
#1443=EDGE_CURVE('',#1850,#1852,#2145,.T.);
#1444=EDGE_CURVE('',#1852,#1853,#2146,.T.);
#1445=EDGE_CURVE('',#1851,#1853,#2147,.T.);
#1446=EDGE_CURVE('',#1852,#1845,#2148,.T.);
#1447=EDGE_CURVE('',#1853,#1849,#186,.T.);
#1448=EDGE_CURVE('',#1854,#1855,#2149,.T.);
#1449=EDGE_CURVE('',#1854,#1856,#2150,.T.);
#1450=EDGE_CURVE('',#1856,#1857,#2151,.T.);
#1451=EDGE_CURVE('',#1855,#1857,#2152,.T.);
#1452=EDGE_CURVE('',#1858,#1859,#2153,.T.);
#1453=EDGE_CURVE('',#1858,#1860,#2154,.F.);
#1454=EDGE_CURVE('',#1860,#1861,#2155,.T.);
#1455=EDGE_CURVE('',#1861,#1859,#2156,.T.);
#1456=EDGE_CURVE('',#1860,#1854,#2157,.F.);
#1457=EDGE_CURVE('',#1848,#1855,#187,.T.);
#1458=EDGE_CURVE('',#1847,#1723,#188,.F.);
#1459=EDGE_CURVE('',#1722,#1850,#189,.F.);
#1460=EDGE_CURVE('',#1861,#1851,#190,.T.);
#1461=EDGE_CURVE('',#1862,#1862,#191,.T.);
#1462=EDGE_CURVE('',#1856,#1858,#2158,.T.);
#1463=EDGE_CURVE('',#1857,#1859,#192,.T.);
#1464=EDGE_CURVE('',#1863,#1864,#2159,.T.);
#1465=EDGE_CURVE('',#1863,#1865,#2160,.F.);
#1466=EDGE_CURVE('',#1865,#1866,#2161,.T.);
#1467=EDGE_CURVE('',#1866,#1864,#2162,.T.);
#1468=EDGE_CURVE('',#1867,#1868,#2163,.T.);
#1469=EDGE_CURVE('',#1867,#1869,#2164,.T.);
#1470=EDGE_CURVE('',#1869,#1870,#2165,.T.);
#1471=EDGE_CURVE('',#1868,#1870,#2166,.T.);
#1472=EDGE_CURVE('',#1869,#1863,#2167,.F.);
#1473=EDGE_CURVE('',#1864,#1870,#193,.T.);
#1474=EDGE_CURVE('',#1871,#1872,#2168,.T.);
#1475=EDGE_CURVE('',#1871,#1873,#2169,.F.);
#1476=EDGE_CURVE('',#1873,#1874,#2170,.T.);
#1477=EDGE_CURVE('',#1874,#1872,#2171,.T.);
#1478=EDGE_CURVE('',#1875,#1876,#2172,.T.);
#1479=EDGE_CURVE('',#1875,#1877,#2173,.T.);
#1480=EDGE_CURVE('',#1877,#1878,#194,.T.);
#1481=EDGE_CURVE('',#1878,#1879,#2174,.T.);
#1482=EDGE_CURVE('',#1876,#1879,#2175,.T.);
#1483=EDGE_CURVE('',#1865,#1867,#2176,.T.);
#1484=EDGE_CURVE('',#1868,#1874,#195,.T.);
#1485=EDGE_CURVE('',#1873,#1682,#196,.F.);
#1486=EDGE_CURVE('',#1681,#1875,#197,.F.);
#1487=EDGE_CURVE('',#1876,#1866,#198,.T.);
#1488=EDGE_CURVE('',#1880,#1880,#199,.T.);
#1489=EDGE_CURVE('',#1878,#1871,#2177,.F.);
#1490=EDGE_CURVE('',#1872,#1879,#200,.T.);
#1491=EDGE_CURVE('',#1881,#1881,#201,.T.);
#1492=EDGE_CURVE('',#1882,#1882,#202,.F.);
#1493=EDGE_CURVE('',#1883,#1883,#203,.T.);
#1494=EDGE_CURVE('',#1884,#1884,#204,.F.);
#1495=EDGE_CURVE('',#1885,#1885,#205,.T.);
#1496=EDGE_CURVE('',#1886,#1886,#206,.F.);
#1497=EDGE_CURVE('',#1887,#1887,#207,.F.);
#1498=EDGE_CURVE('',#1888,#1888,#208,.T.);
#1499=EDGE_CURVE('',#1867,#1688,#115,.F.);
#1500=EDGE_CURVE('',#1689,#1865,#116,.F.);
#1501=EDGE_CURVE('',#1826,#1863,#117,.T.);
#1502=EDGE_CURVE('',#1869,#1687,#118,.T.);
#1503=EDGE_CURVE('',#1716,#1860,#119,.T.);
#1504=EDGE_CURVE('',#1854,#1715,#120,.F.);
#1505=EDGE_CURVE('',#1856,#1823,#121,.F.);
#1506=EDGE_CURVE('',#1717,#1858,#122,.T.);
#1507=EDGE_CURVE('',#1852,#1721,#123,.F.);
#1508=EDGE_CURVE('',#1742,#1846,#12,.T.);
#1509=EDGE_CURVE('',#1683,#1871,#124,.F.);
#1510=EDGE_CURVE('',#1877,#1743,#13,.T.);
#1511=EDGE_CURVE('',#1889,#1697,#2178,.T.);
#1512=EDGE_CURVE('',#1890,#1889,#2179,.T.);
#1513=EDGE_CURVE('',#1890,#1698,#2180,.T.);
#1514=EDGE_CURVE('',#1891,#1892,#2181,.T.);
#1515=EDGE_CURVE('',#1892,#1893,#209,.F.);
#1516=EDGE_CURVE('',#1894,#1893,#2182,.T.);
#1517=EDGE_CURVE('',#1894,#1890,#210,.T.);
#1518=EDGE_CURVE('',#1891,#1889,#211,.T.);
#1519=EDGE_CURVE('',#1895,#1782,#2183,.T.);
#1520=EDGE_CURVE('',#1896,#1781,#2184,.T.);
#1521=EDGE_CURVE('',#1896,#1895,#2185,.T.);
#1522=EDGE_CURVE('',#1895,#1891,#212,.T.);
#1523=EDGE_CURVE('',#1897,#1785,#2186,.T.);
#1524=EDGE_CURVE('',#1898,#1897,#2187,.T.);
#1525=EDGE_CURVE('',#1898,#1786,#2188,.T.);
#1526=EDGE_CURVE('',#1899,#1900,#2189,.T.);
#1527=EDGE_CURVE('',#1900,#1901,#213,.F.);
#1528=EDGE_CURVE('',#1902,#1901,#2190,.T.);
#1529=EDGE_CURVE('',#1902,#1903,#214,.T.);
#1530=EDGE_CURVE('',#1904,#1903,#2191,.T.);
#1531=EDGE_CURVE('',#1899,#1904,#215,.T.);
#1532=EDGE_CURVE('',#1903,#1707,#2192,.T.);
#1533=EDGE_CURVE('',#1904,#1706,#2193,.T.);
#1534=EDGE_CURVE('',#1898,#1896,#216,.T.);
#1535=EDGE_CURVE('',#1894,#1905,#217,.T.);
#1536=EDGE_CURVE('',#1906,#1905,#2194,.T.);
#1537=EDGE_CURVE('',#1907,#1906,#218,.T.);
#1538=EDGE_CURVE('',#1908,#1907,#2195,.T.);
#1539=EDGE_CURVE('',#1908,#1899,#219,.T.);
#1540=EDGE_CURVE('',#1902,#1897,#220,.T.);
#1541=EDGE_CURVE('',#1901,#1892,#221,.T.);
#1542=EDGE_CURVE('',#1893,#1909,#222,.T.);
#1543=EDGE_CURVE('',#1905,#1909,#2196,.T.);
#1544=EDGE_CURVE('',#1909,#1910,#2197,.F.);
#1545=EDGE_CURVE('',#1906,#1910,#2198,.T.);
#1546=EDGE_CURVE('',#1910,#1911,#223,.F.);
#1547=EDGE_CURVE('',#1907,#1911,#2199,.T.);
#1548=EDGE_CURVE('',#1911,#1912,#2200,.F.);
#1549=EDGE_CURVE('',#1908,#1912,#2201,.T.);
#1550=EDGE_CURVE('',#1912,#1900,#224,.T.);
#1551=EDGE_CURVE('',#1913,#1914,#225,.T.);
#1552=EDGE_CURVE('',#1914,#1915,#2202,.T.);
#1553=EDGE_CURVE('',#1915,#1916,#226,.F.);
#1554=EDGE_CURVE('',#1916,#1913,#227,.T.);
#1555=EDGE_CURVE('',#1917,#1699,#2203,.T.);
#1556=EDGE_CURVE('',#1918,#1917,#2204,.T.);
#1557=EDGE_CURVE('',#1918,#1700,#2205,.T.);
#1558=EDGE_CURVE('',#1919,#1920,#2206,.T.);
#1559=EDGE_CURVE('',#1919,#1921,#228,.T.);
#1560=EDGE_CURVE('',#1921,#1922,#2207,.T.);
#1561=EDGE_CURVE('',#1922,#1918,#229,.T.);
#1562=EDGE_CURVE('',#1920,#1917,#230,.T.);
#1563=EDGE_CURVE('',#1923,#1780,#2208,.T.);
#1564=EDGE_CURVE('',#1924,#1779,#2209,.T.);
#1565=EDGE_CURVE('',#1924,#1923,#2210,.T.);
#1566=EDGE_CURVE('',#1924,#1922,#231,.T.);
#1567=EDGE_CURVE('',#1925,#1772,#2211,.T.);
#1568=EDGE_CURVE('',#1926,#1925,#2212,.T.);
#1569=EDGE_CURVE('',#1926,#1773,#2213,.T.);
#1570=EDGE_CURVE('',#1927,#1928,#2214,.T.);
#1571=EDGE_CURVE('',#1927,#1929,#232,.T.);
#1572=EDGE_CURVE('',#1929,#1930,#2215,.T.);
#1573=EDGE_CURVE('',#1930,#1931,#233,.T.);
#1574=EDGE_CURVE('',#1932,#1931,#2216,.T.);
#1575=EDGE_CURVE('',#1928,#1932,#234,.T.);
#1576=EDGE_CURVE('',#1931,#1705,#2217,.T.);
#1577=EDGE_CURVE('',#1932,#1704,#2218,.T.);
#1578=EDGE_CURVE('',#1928,#1926,#235,.T.);
#1579=EDGE_CURVE('',#1933,#1930,#236,.T.);
#1580=EDGE_CURVE('',#1933,#1934,#2219,.T.);
#1581=EDGE_CURVE('',#1934,#1935,#237,.T.);
#1582=EDGE_CURVE('',#1935,#1936,#2220,.T.);
#1583=EDGE_CURVE('',#1920,#1936,#238,.T.);
#1584=EDGE_CURVE('',#1925,#1923,#239,.T.);
#1585=EDGE_CURVE('',#1921,#1927,#240,.F.);
#1586=EDGE_CURVE('',#1937,#1936,#2221,.T.);
#1587=EDGE_CURVE('',#1937,#1919,#241,.F.);
#1588=EDGE_CURVE('',#1938,#1935,#2222,.T.);
#1589=EDGE_CURVE('',#1938,#1937,#2223,.T.);
#1590=EDGE_CURVE('',#1939,#1934,#2224,.T.);
#1591=EDGE_CURVE('',#1939,#1938,#242,.T.);
#1592=EDGE_CURVE('',#1940,#1933,#2225,.T.);
#1593=EDGE_CURVE('',#1940,#1939,#2226,.T.);
#1594=EDGE_CURVE('',#1762,#1940,#14,.T.);
#1595=EDGE_CURVE('',#1929,#1763,#15,.T.);
#1596=EDGE_CURVE('',#1941,#1942,#2227,.F.);
#1597=EDGE_CURVE('',#1942,#1943,#243,.F.);
#1598=EDGE_CURVE('',#1943,#1944,#244,.F.);
#1599=EDGE_CURVE('',#1944,#1941,#245,.T.);
#1600=EDGE_CURVE('',#1900,#1764,#16,.T.);
#1601=EDGE_CURVE('',#1765,#1912,#17,.F.);
#1602=EDGE_CURVE('',#1892,#1771,#18,.T.);
#1603=EDGE_CURVE('',#1768,#1901,#19,.F.);
#1604=EDGE_CURVE('',#1766,#1911,#20,.F.);
#1605=EDGE_CURVE('',#1769,#1767,#21,.F.);
#1606=EDGE_CURVE('',#1913,#1770,#22,.T.);
#1607=EDGE_CURVE('',#1893,#1916,#23,.T.);
#1608=EDGE_CURVE('',#1914,#1910,#24,.F.);
#1609=EDGE_CURVE('',#1909,#1915,#25,.T.);
#1610=EDGE_CURVE('',#1919,#1944,#26,.T.);
#1611=EDGE_CURVE('',#1941,#1937,#27,.F.);
#1612=EDGE_CURVE('',#1927,#1758,#28,.T.);
#1613=EDGE_CURVE('',#1759,#1921,#29,.F.);
#1614=EDGE_CURVE('',#1942,#1938,#30,.F.);
#1615=EDGE_CURVE('',#1756,#1943,#31,.F.);
#1616=EDGE_CURVE('',#1760,#1757,#32,.T.);
#1617=EDGE_CURVE('',#1761,#1939,#33,.F.);
#1618=EDGE_CURVE('',#1695,#1820,#2228,.T.);
#1619=EDGE_CURVE('',#1694,#1821,#2229,.T.);
#1620=EDGE_CURVE('',#1693,#1822,#2230,.T.);
#1621=EDGE_CURVE('',#1675,#1817,#2231,.T.);
#1622=EDGE_CURVE('',#1674,#1818,#2232,.T.);
#1623=EDGE_CURVE('',#1673,#1819,#2233,.T.);
#1624=EDGE_CURVE('',#1791,#1711,#2234,.T.);
#1625=EDGE_CURVE('',#1792,#1710,#2235,.T.);
#1626=EDGE_CURVE('',#1793,#1709,#2236,.T.);
#1627=EDGE_CURVE('',#1797,#1702,#2237,.T.);
#1628=EDGE_CURVE('',#1798,#1730,#2238,.T.);
#1629=EDGE_CURVE('',#1799,#1729,#2239,.T.);
#1630=EDGE_CURVE('',#1827,#1828,#2240,.T.);
#1631=EDGE_CURVE('',#1789,#1945,#246,.F.);
#1632=EDGE_CURVE('',#1945,#1946,#2241,.T.);
#1633=EDGE_CURVE('',#1946,#1812,#247,.F.);
#1634=EDGE_CURVE('',#1788,#1814,#2242,.T.);
#1635=EDGE_CURVE('',#1813,#1947,#248,.T.);
#1636=EDGE_CURVE('',#1948,#1947,#2243,.T.);
#1637=EDGE_CURVE('',#1948,#1787,#249,.T.);
#1638=EDGE_CURVE('',#1947,#1946,#2244,.F.);
#1639=EDGE_CURVE('',#1945,#1948,#2245,.T.);
#1640=EDGE_CURVE('',#1949,#1667,#2246,.T.);
#1641=EDGE_CURVE('',#1950,#1949,#2247,.T.);
#1642=EDGE_CURVE('',#1950,#1951,#2248,.T.);
#1643=EDGE_CURVE('',#1951,#1652,#2249,.T.);
#1644=EDGE_CURVE('',#1952,#1651,#2250,.T.);
#1645=EDGE_CURVE('',#1953,#1952,#2251,.T.);
#1646=EDGE_CURVE('',#1953,#1954,#2252,.T.);
#1647=EDGE_CURVE('',#1954,#1670,#2253,.T.);
#1648=EDGE_CURVE('',#1954,#1949,#2254,.T.);
#1649=EDGE_CURVE('',#1950,#1953,#2255,.T.);
#1650=EDGE_CURVE('',#1952,#1951,#2256,.T.);
#1651=VERTEX_POINT('',#4412);
#1652=VERTEX_POINT('',#4413);
#1653=VERTEX_POINT('',#4415);
#1654=VERTEX_POINT('',#4417);
#1655=VERTEX_POINT('',#4419);
#1656=VERTEX_POINT('',#4421);
#1657=VERTEX_POINT('',#4423);
#1658=VERTEX_POINT('',#4425);
#1659=VERTEX_POINT('',#4427);
#1660=VERTEX_POINT('',#4429);
#1661=VERTEX_POINT('',#4431);
#1662=VERTEX_POINT('',#4433);
#1663=VERTEX_POINT('',#4435);
#1664=VERTEX_POINT('',#4437);
#1665=VERTEX_POINT('',#4439);
#1666=VERTEX_POINT('',#4441);
#1667=VERTEX_POINT('',#4445);
#1668=VERTEX_POINT('',#4447);
#1669=VERTEX_POINT('',#4449);
#1670=VERTEX_POINT('',#4452);
#1671=VERTEX_POINT('',#4456);
#1672=VERTEX_POINT('',#4457);
#1673=VERTEX_POINT('',#4459);
#1674=VERTEX_POINT('',#4461);
#1675=VERTEX_POINT('',#4463);
#1676=VERTEX_POINT('',#4465);
#1677=VERTEX_POINT('',#4467);
#1678=VERTEX_POINT('',#4469);
#1679=VERTEX_POINT('',#4471);
#1680=VERTEX_POINT('',#4473);
#1681=VERTEX_POINT('',#4475);
#1682=VERTEX_POINT('',#4477);
#1683=VERTEX_POINT('',#4479);
#1684=VERTEX_POINT('',#4481);
#1685=VERTEX_POINT('',#4483);
#1686=VERTEX_POINT('',#4485);
#1687=VERTEX_POINT('',#4487);
#1688=VERTEX_POINT('',#4489);
#1689=VERTEX_POINT('',#4491);
#1690=VERTEX_POINT('',#4493);
#1691=VERTEX_POINT('',#4495);
#1692=VERTEX_POINT('',#4497);
#1693=VERTEX_POINT('',#4499);
#1694=VERTEX_POINT('',#4501);
#1695=VERTEX_POINT('',#4503);
#1696=VERTEX_POINT('',#4506);
#1697=VERTEX_POINT('',#4508);
#1698=VERTEX_POINT('',#4510);
#1699=VERTEX_POINT('',#4512);
#1700=VERTEX_POINT('',#4514);
#1701=VERTEX_POINT('',#4518);
#1702=VERTEX_POINT('',#4519);
#1703=VERTEX_POINT('',#4521);
#1704=VERTEX_POINT('',#4523);
#1705=VERTEX_POINT('',#4525);
#1706=VERTEX_POINT('',#4527);
#1707=VERTEX_POINT('',#4529);
#1708=VERTEX_POINT('',#4531);
#1709=VERTEX_POINT('',#4534);
#1710=VERTEX_POINT('',#4536);
#1711=VERTEX_POINT('',#4538);
#1712=VERTEX_POINT('',#4540);
#1713=VERTEX_POINT('',#4542);
#1714=VERTEX_POINT('',#4544);
#1715=VERTEX_POINT('',#4546);
#1716=VERTEX_POINT('',#4548);
#1717=VERTEX_POINT('',#4550);
#1718=VERTEX_POINT('',#4552);
#1719=VERTEX_POINT('',#4554);
#1720=VERTEX_POINT('',#4556);
#1721=VERTEX_POINT('',#4558);
#1722=VERTEX_POINT('',#4560);
#1723=VERTEX_POINT('',#4562);
#1724=VERTEX_POINT('',#4564);
#1725=VERTEX_POINT('',#4566);
#1726=VERTEX_POINT('',#4568);
#1727=VERTEX_POINT('',#4570);
#1728=VERTEX_POINT('',#4572);
#1729=VERTEX_POINT('',#4574);
#1730=VERTEX_POINT('',#4576);
#1731=VERTEX_POINT('',#4580);
#1732=VERTEX_POINT('',#4582);
#1733=VERTEX_POINT('',#4584);
#1734=VERTEX_POINT('',#4585);
#1735=VERTEX_POINT('',#4587);
#1736=VERTEX_POINT('',#4589);
#1737=VERTEX_POINT('',#4591);
#1738=VERTEX_POINT('',#4593);
#1739=VERTEX_POINT('',#4595);
#1740=VERTEX_POINT('',#4597);
#1741=VERTEX_POINT('',#4599);
#1742=VERTEX_POINT('',#4602);
#1743=VERTEX_POINT('',#4606);
#1744=VERTEX_POINT('',#4609);
#1745=VERTEX_POINT('',#4611);
#1746=VERTEX_POINT('',#4613);
#1747=VERTEX_POINT('',#4617);
#1748=VERTEX_POINT('',#4619);
#1749=VERTEX_POINT('',#4621);
#1750=VERTEX_POINT('',#4623);
#1751=VERTEX_POINT('',#4625);
#1752=VERTEX_POINT('',#4629);
#1753=VERTEX_POINT('',#4631);
#1754=VERTEX_POINT('',#4635);
#1755=VERTEX_POINT('',#4637);
#1756=VERTEX_POINT('',#4641);
#1757=VERTEX_POINT('',#4642);
#1758=VERTEX_POINT('',#4644);
#1759=VERTEX_POINT('',#4646);
#1760=VERTEX_POINT('',#4650);
#1761=VERTEX_POINT('',#4651);
#1762=VERTEX_POINT('',#4653);
#1763=VERTEX_POINT('',#4655);
#1764=VERTEX_POINT('',#4659);
#1765=VERTEX_POINT('',#4660);
#1766=VERTEX_POINT('',#4662);
#1767=VERTEX_POINT('',#4664);
#1768=VERTEX_POINT('',#4668);
#1769=VERTEX_POINT('',#4669);
#1770=VERTEX_POINT('',#4671);
#1771=VERTEX_POINT('',#4673);
#1772=VERTEX_POINT('',#4677);
#1773=VERTEX_POINT('',#4679);
#1774=VERTEX_POINT('',#4682);
#1775=VERTEX_POINT('',#4684);
#1776=VERTEX_POINT('',#4686);
#1777=VERTEX_POINT('',#4688);
#1778=VERTEX_POINT('',#4690);
#1779=VERTEX_POINT('',#4693);
#1780=VERTEX_POINT('',#4695);
#1781=VERTEX_POINT('',#4698);
#1782=VERTEX_POINT('',#4700);
#1783=VERTEX_POINT('',#4703);
#1784=VERTEX_POINT('',#4706);
#1785=VERTEX_POINT('',#4709);
#1786=VERTEX_POINT('',#4711);
#1787=VERTEX_POINT('',#4715);
#1788=VERTEX_POINT('',#4716);
#1789=VERTEX_POINT('',#4718);
#1790=VERTEX_POINT('',#4720);
#1791=VERTEX_POINT('',#4723);
#1792=VERTEX_POINT('',#4725);
#1793=VERTEX_POINT('',#4727);
#1794=VERTEX_POINT('',#4730);
#1795=VERTEX_POINT('',#4732);
#1796=VERTEX_POINT('',#4734);
#1797=VERTEX_POINT('',#4736);
#1798=VERTEX_POINT('',#4738);
#1799=VERTEX_POINT('',#4740);
#1800=VERTEX_POINT('',#4742);
#1801=VERTEX_POINT('',#4745);
#1802=VERTEX_POINT('',#4749);
#1803=VERTEX_POINT('',#4750);
#1804=VERTEX_POINT('',#4752);
#1805=VERTEX_POINT('',#4754);
#1806=VERTEX_POINT('',#4756);
#1807=VERTEX_POINT('',#4766);
#1808=VERTEX_POINT('',#4767);
#1809=VERTEX_POINT('',#4769);
#1810=VERTEX_POINT('',#4774);
#1811=VERTEX_POINT('',#4778);
#1812=VERTEX_POINT('',#4779);
#1813=VERTEX_POINT('',#4781);
#1814=VERTEX_POINT('',#4783);
#1815=VERTEX_POINT('',#4785);
#1816=VERTEX_POINT('',#4788);
#1817=VERTEX_POINT('',#4790);
#1818=VERTEX_POINT('',#4792);
#1819=VERTEX_POINT('',#4794);
#1820=VERTEX_POINT('',#4798);
#1821=VERTEX_POINT('',#4800);
#1822=VERTEX_POINT('',#4802);
#1823=VERTEX_POINT('',#4807);
#1824=VERTEX_POINT('',#4810);
#1825=VERTEX_POINT('',#4812);
#1826=VERTEX_POINT('',#4815);
#1827=VERTEX_POINT('',#4819);
#1828=VERTEX_POINT('',#4821);
#1829=VERTEX_POINT('',#4823);
#1830=VERTEX_POINT('',#4825);
#1831=VERTEX_POINT('',#4852);
#1832=VERTEX_POINT('',#4854);
#1833=VERTEX_POINT('',#4858);
#1834=VERTEX_POINT('',#4862);
#1835=VERTEX_POINT('',#4866);
#1836=VERTEX_POINT('',#4870);
#1837=VERTEX_POINT('',#4873);
#1838=VERTEX_POINT('',#4879);
#1839=VERTEX_POINT('',#4881);
#1840=VERTEX_POINT('',#4886);
#1841=VERTEX_POINT('',#4888);
#1842=VERTEX_POINT('',#4892);
#1843=VERTEX_POINT('',#4896);
#1844=VERTEX_POINT('',#4902);
#1845=VERTEX_POINT('',#4909);
#1846=VERTEX_POINT('',#4910);
#1847=VERTEX_POINT('',#4912);
#1848=VERTEX_POINT('',#4914);
#1849=VERTEX_POINT('',#4916);
#1850=VERTEX_POINT('',#4920);
#1851=VERTEX_POINT('',#4921);
#1852=VERTEX_POINT('',#4923);
#1853=VERTEX_POINT('',#4925);
#1854=VERTEX_POINT('',#4932);
#1855=VERTEX_POINT('',#4933);
#1856=VERTEX_POINT('',#4935);
#1857=VERTEX_POINT('',#4937);
#1858=VERTEX_POINT('',#4941);
#1859=VERTEX_POINT('',#4942);
#1860=VERTEX_POINT('',#4944);
#1861=VERTEX_POINT('',#4946);
#1862=VERTEX_POINT('',#4955);
#1863=VERTEX_POINT('',#4961);
#1864=VERTEX_POINT('',#4962);
#1865=VERTEX_POINT('',#4964);
#1866=VERTEX_POINT('',#4966);
#1867=VERTEX_POINT('',#4970);
#1868=VERTEX_POINT('',#4971);
#1869=VERTEX_POINT('',#4973);
#1870=VERTEX_POINT('',#4975);
#1871=VERTEX_POINT('',#4982);
#1872=VERTEX_POINT('',#4983);
#1873=VERTEX_POINT('',#4985);
#1874=VERTEX_POINT('',#4987);
#1875=VERTEX_POINT('',#4991);
#1876=VERTEX_POINT('',#4992);
#1877=VERTEX_POINT('',#4994);
#1878=VERTEX_POINT('',#4996);
#1879=VERTEX_POINT('',#4998);
#1880=VERTEX_POINT('',#5007);
#1881=VERTEX_POINT('',#5013);
#1882=VERTEX_POINT('',#5016);
#1883=VERTEX_POINT('',#5019);
#1884=VERTEX_POINT('',#5021);
#1885=VERTEX_POINT('',#5024);
#1886=VERTEX_POINT('',#5027);
#1887=VERTEX_POINT('',#5030);
#1888=VERTEX_POINT('',#5032);
#1889=VERTEX_POINT('',#5071);
#1890=VERTEX_POINT('',#5073);
#1891=VERTEX_POINT('',#5077);
#1892=VERTEX_POINT('',#5078);
#1893=VERTEX_POINT('',#5080);
#1894=VERTEX_POINT('',#5082);
#1895=VERTEX_POINT('',#5087);
#1896=VERTEX_POINT('',#5089);
#1897=VERTEX_POINT('',#5095);
#1898=VERTEX_POINT('',#5097);
#1899=VERTEX_POINT('',#5101);
#1900=VERTEX_POINT('',#5102);
#1901=VERTEX_POINT('',#5104);
#1902=VERTEX_POINT('',#5106);
#1903=VERTEX_POINT('',#5108);
#1904=VERTEX_POINT('',#5110);
#1905=VERTEX_POINT('',#5118);
#1906=VERTEX_POINT('',#5120);
#1907=VERTEX_POINT('',#5122);
#1908=VERTEX_POINT('',#5124);
#1909=VERTEX_POINT('',#5132);
#1910=VERTEX_POINT('',#5136);
#1911=VERTEX_POINT('',#5140);
#1912=VERTEX_POINT('',#5144);
#1913=VERTEX_POINT('',#5150);
#1914=VERTEX_POINT('',#5151);
#1915=VERTEX_POINT('',#5153);
#1916=VERTEX_POINT('',#5155);
#1917=VERTEX_POINT('',#5159);
#1918=VERTEX_POINT('',#5161);
#1919=VERTEX_POINT('',#5165);
#1920=VERTEX_POINT('',#5166);
#1921=VERTEX_POINT('',#5168);
#1922=VERTEX_POINT('',#5170);
#1923=VERTEX_POINT('',#5175);
#1924=VERTEX_POINT('',#5177);
#1925=VERTEX_POINT('',#5183);
#1926=VERTEX_POINT('',#5185);
#1927=VERTEX_POINT('',#5189);
#1928=VERTEX_POINT('',#5190);
#1929=VERTEX_POINT('',#5192);
#1930=VERTEX_POINT('',#5194);
#1931=VERTEX_POINT('',#5196);
#1932=VERTEX_POINT('',#5198);
#1933=VERTEX_POINT('',#5207);
#1934=VERTEX_POINT('',#5209);
#1935=VERTEX_POINT('',#5211);
#1936=VERTEX_POINT('',#5213);
#1937=VERTEX_POINT('',#5220);
#1938=VERTEX_POINT('',#5224);
#1939=VERTEX_POINT('',#5228);
#1940=VERTEX_POINT('',#5232);
#1941=VERTEX_POINT('',#5245);
#1942=VERTEX_POINT('',#5246);
#1943=VERTEX_POINT('',#5248);
#1944=VERTEX_POINT('',#5250);
#1945=VERTEX_POINT('',#5384);
#1946=VERTEX_POINT('',#5386);
#1947=VERTEX_POINT('',#5391);
#1948=VERTEX_POINT('',#5393);
#1949=VERTEX_POINT('',#5403);
#1950=VERTEX_POINT('',#5405);
#1951=VERTEX_POINT('',#5407);
#1952=VERTEX_POINT('',#5411);
#1953=VERTEX_POINT('',#5413);
#1954=VERTEX_POINT('',#5415);
#1955=LINE('',#4411,#2257);
#1956=LINE('',#4414,#2258);
#1957=LINE('',#4416,#2259);
#1958=LINE('',#4418,#2260);
#1959=LINE('',#4420,#2261);
#1960=LINE('',#4422,#2262);
#1961=LINE('',#4424,#2263);
#1962=LINE('',#4426,#2264);
#1963=LINE('',#4428,#2265);
#1964=LINE('',#4430,#2266);
#1965=LINE('',#4432,#2267);
#1966=LINE('',#4434,#2268);
#1967=LINE('',#4436,#2269);
#1968=LINE('',#4438,#2270);
#1969=LINE('',#4440,#2271);
#1970=LINE('',#4442,#2272);
#1971=LINE('',#4444,#2273);
#1972=LINE('',#4446,#2274);
#1973=LINE('',#4448,#2275);
#1974=LINE('',#4450,#2276);
#1975=LINE('',#4451,#2277);
#1976=LINE('',#4453,#2278);
#1977=LINE('',#4455,#2279);
#1978=LINE('',#4458,#2280);
#1979=LINE('',#4462,#2281);
#1980=LINE('',#4466,#2282);
#1981=LINE('',#4468,#2283);
#1982=LINE('',#4470,#2284);
#1983=LINE('',#4472,#2285);
#1984=LINE('',#4474,#2286);
#1985=LINE('',#4476,#2287);
#1986=LINE('',#4478,#2288);
#1987=LINE('',#4480,#2289);
#1988=LINE('',#4482,#2290);
#1989=LINE('',#4484,#2291);
#1990=LINE('',#4486,#2292);
#1991=LINE('',#4488,#2293);
#1992=LINE('',#4490,#2294);
#1993=LINE('',#4492,#2295);
#1994=LINE('',#4494,#2296);
#1995=LINE('',#4496,#2297);
#1996=LINE('',#4498,#2298);
#1997=LINE('',#4502,#2299);
#1998=LINE('',#4505,#2300);
#1999=LINE('',#4507,#2301);
#2000=LINE('',#4509,#2302);
#2001=LINE('',#4511,#2303);
#2002=LINE('',#4513,#2304);
#2003=LINE('',#4515,#2305);
#2004=LINE('',#4517,#2306);
#2005=LINE('',#4520,#2307);
#2006=LINE('',#4522,#2308);
#2007=LINE('',#4524,#2309);
#2008=LINE('',#4526,#2310);
#2009=LINE('',#4528,#2311);
#2010=LINE('',#4530,#2312);
#2011=LINE('',#4532,#2313);
#2012=LINE('',#4535,#2314);
#2013=LINE('',#4539,#2315);
#2014=LINE('',#4541,#2316);
#2015=LINE('',#4543,#2317);
#2016=LINE('',#4545,#2318);
#2017=LINE('',#4547,#2319);
#2018=LINE('',#4549,#2320);
#2019=LINE('',#4551,#2321);
#2020=LINE('',#4553,#2322);
#2021=LINE('',#4555,#2323);
#2022=LINE('',#4557,#2324);
#2023=LINE('',#4559,#2325);
#2024=LINE('',#4561,#2326);
#2025=LINE('',#4563,#2327);
#2026=LINE('',#4565,#2328);
#2027=LINE('',#4567,#2329);
#2028=LINE('',#4569,#2330);
#2029=LINE('',#4571,#2331);
#2030=LINE('',#4575,#2332);
#2031=LINE('',#4583,#2333);
#2032=LINE('',#4586,#2334);
#2033=LINE('',#4588,#2335);
#2034=LINE('',#4590,#2336);
#2035=LINE('',#4592,#2337);
#2036=LINE('',#4596,#2338);
#2037=LINE('',#4600,#2339);
#2038=LINE('',#4604,#2340);
#2039=LINE('',#4608,#2341);
#2040=LINE('',#4612,#2342);
#2041=LINE('',#4616,#2343);
#2042=LINE('',#4618,#2344);
#2043=LINE('',#4620,#2345);
#2044=LINE('',#4622,#2346);
#2045=LINE('',#4626,#2347);
#2046=LINE('',#4628,#2348);
#2047=LINE('',#4630,#2349);
#2048=LINE('',#4632,#2350);
#2049=LINE('',#4634,#2351);
#2050=LINE('',#4636,#2352);
#2051=LINE('',#4638,#2353);
#2052=LINE('',#4652,#2354);
#2053=LINE('',#4661,#2355);
#2054=LINE('',#4676,#2356);
#2055=LINE('',#4678,#2357);
#2056=LINE('',#4680,#2358);
#2057=LINE('',#4681,#2359);
#2058=LINE('',#4683,#2360);
#2059=LINE('',#4687,#2361);
#2060=LINE('',#4691,#2362);
#2061=LINE('',#4692,#2363);
#2062=LINE('',#4694,#2364);
#2063=LINE('',#4696,#2365);
#2064=LINE('',#4697,#2366);
#2065=LINE('',#4699,#2367);
#2066=LINE('',#4701,#2368);
#2067=LINE('',#4702,#2369);
#2068=LINE('',#4704,#2370);
#2069=LINE('',#4705,#2371);
#2070=LINE('',#4707,#2372);
#2071=LINE('',#4708,#2373);
#2072=LINE('',#4710,#2374);
#2073=LINE('',#4712,#2375);
#2074=LINE('',#4714,#2376);
#2075=LINE('',#4717,#2377);
#2076=LINE('',#4719,#2378);
#2077=LINE('',#4721,#2379);
#2078=LINE('',#4722,#2380);
#2079=LINE('',#4726,#2381);
#2080=LINE('',#4729,#2382);
#2081=LINE('',#4731,#2383);
#2082=LINE('',#4733,#2384);
#2083=LINE('',#4735,#2385);
#2084=LINE('',#4739,#2386);
#2085=LINE('',#4743,#2387);
#2086=LINE('',#4744,#2388);
#2087=LINE('',#4746,#2389);
#2088=LINE('',#4748,#2390);
#2089=LINE('',#4751,#2391);
#2090=LINE('',#4755,#2392);
#2091=LINE('',#4757,#2393);
#2092=LINE('',#4759,#2394);
#2093=LINE('',#4761,#2395);
#2094=LINE('',#4768,#2396);
#2095=LINE('',#4770,#2397);
#2096=LINE('',#4771,#2398);
#2097=LINE('',#4775,#2399);
#2098=LINE('',#4777,#2400);
#2099=LINE('',#4780,#2401);
#2100=LINE('',#4782,#2402);
#2101=LINE('',#4784,#2403);
#2102=LINE('',#4786,#2404);
#2103=LINE('',#4787,#2405);
#2104=LINE('',#4791,#2406);
#2105=LINE('',#4795,#2407);
#2106=LINE('',#4796,#2408);
#2107=LINE('',#4799,#2409);
#2108=LINE('',#4803,#2410);
#2109=LINE('',#4804,#2411);
#2110=LINE('',#4811,#2412);
#2111=LINE('',#4818,#2413);
#2112=LINE('',#4820,#2414);
#2113=LINE('',#4824,#2415);
#2114=LINE('',#4828,#2416);
#2115=LINE('',#4829,#2417);
#2116=LINE('',#4831,#2418);
#2117=LINE('',#4833,#2419);
#2118=LINE('',#4835,#2420);
#2119=LINE('',#4837,#2421);
#2120=LINE('',#4840,#2422);
#2121=LINE('',#4843,#2423);
#2122=LINE('',#4850,#2424);
#2123=LINE('',#4853,#2425);
#2124=LINE('',#4855,#2426);
#2125=LINE('',#4859,#2427);
#2126=LINE('',#4861,#2428);
#2127=LINE('',#4863,#2429);
#2128=LINE('',#4867,#2430);
#2129=LINE('',#4872,#2431);
#2130=LINE('',#4876,#2432);
#2131=LINE('',#4878,#2433);
#2132=LINE('',#4880,#2434);
#2133=LINE('',#4883,#2435);
#2134=LINE('',#4887,#2436);
#2135=LINE('',#4889,#2437);
#2136=LINE('',#4893,#2438);
#2137=LINE('',#4895,#2439);
#2138=LINE('',#4897,#2440);
#2139=LINE('',#4904,#2441);
#2140=LINE('',#4911,#2442);
#2141=LINE('',#4913,#2443);
#2142=LINE('',#4915,#2444);
#2143=LINE('',#4917,#2445);
#2144=LINE('',#4919,#2446);
#2145=LINE('',#4922,#2447);
#2146=LINE('',#4924,#2448);
#2147=LINE('',#4926,#2449);
#2148=LINE('',#4928,#2450);
#2149=LINE('',#4931,#2451);
#2150=LINE('',#4934,#2452);
#2151=LINE('',#4936,#2453);
#2152=LINE('',#4938,#2454);
#2153=LINE('',#4940,#2455);
#2154=LINE('',#4943,#2456);
#2155=LINE('',#4945,#2457);
#2156=LINE('',#4947,#2458);
#2157=LINE('',#4949,#2459);
#2158=LINE('',#4957,#2460);
#2159=LINE('',#4960,#2461);
#2160=LINE('',#4963,#2462);
#2161=LINE('',#4965,#2463);
#2162=LINE('',#4967,#2464);
#2163=LINE('',#4969,#2465);
#2164=LINE('',#4972,#2466);
#2165=LINE('',#4974,#2467);
#2166=LINE('',#4976,#2468);
#2167=LINE('',#4978,#2469);
#2168=LINE('',#4981,#2470);
#2169=LINE('',#4984,#2471);
#2170=LINE('',#4986,#2472);
#2171=LINE('',#4988,#2473);
#2172=LINE('',#4990,#2474);
#2173=LINE('',#4993,#2475);
#2174=LINE('',#4997,#2476);
#2175=LINE('',#4999,#2477);
#2176=LINE('',#5001,#2478);
#2177=LINE('',#5009,#2479);
#2178=LINE('',#5070,#2480);
#2179=LINE('',#5072,#2481);
#2180=LINE('',#5074,#2482);
#2181=LINE('',#5076,#2483);
#2182=LINE('',#5081,#2484);
#2183=LINE('',#5086,#2485);
#2184=LINE('',#5088,#2486);
#2185=LINE('',#5090,#2487);
#2186=LINE('',#5094,#2488);
#2187=LINE('',#5096,#2489);
#2188=LINE('',#5098,#2490);
#2189=LINE('',#5100,#2491);
#2190=LINE('',#5105,#2492);
#2191=LINE('',#5109,#2493);
#2192=LINE('',#5113,#2494);
#2193=LINE('',#5114,#2495);
#2194=LINE('',#5119,#2496);
#2195=LINE('',#5123,#2497);
#2196=LINE('',#5133,#2498);
#2197=LINE('',#5135,#2499);
#2198=LINE('',#5137,#2500);
#2199=LINE('',#5141,#2501);
#2200=LINE('',#5143,#2502);
#2201=LINE('',#5145,#2503);
#2202=LINE('',#5152,#2504);
#2203=LINE('',#5158,#2505);
#2204=LINE('',#5160,#2506);
#2205=LINE('',#5162,#2507);
#2206=LINE('',#5164,#2508);
#2207=LINE('',#5169,#2509);
#2208=LINE('',#5174,#2510);
#2209=LINE('',#5176,#2511);
#2210=LINE('',#5178,#2512);
#2211=LINE('',#5182,#2513);
#2212=LINE('',#5184,#2514);
#2213=LINE('',#5186,#2515);
#2214=LINE('',#5188,#2516);
#2215=LINE('',#5193,#2517);
#2216=LINE('',#5197,#2518);
#2217=LINE('',#5201,#2519);
#2218=LINE('',#5202,#2520);
#2219=LINE('',#5208,#2521);
#2220=LINE('',#5212,#2522);
#2221=LINE('',#5219,#2523);
#2222=LINE('',#5223,#2524);
#2223=LINE('',#5225,#2525);
#2224=LINE('',#5227,#2526);
#2225=LINE('',#5231,#2527);
#2226=LINE('',#5233,#2528);
#2227=LINE('',#5244,#2529);
#2228=LINE('',#5354,#2530);
#2229=LINE('',#5356,#2531);
#2230=LINE('',#5358,#2532);
#2231=LINE('',#5361,#2533);
#2232=LINE('',#5363,#2534);
#2233=LINE('',#5365,#2535);
#2234=LINE('',#5368,#2536);
#2235=LINE('',#5369,#2537);
#2236=LINE('',#5371,#2538);
#2237=LINE('',#5375,#2539);
#2238=LINE('',#5377,#2540);
#2239=LINE('',#5379,#2541);
#2240=LINE('',#5382,#2542);
#2241=LINE('',#5385,#2543);
#2242=LINE('',#5389,#2544);
#2243=LINE('',#5392,#2545);
#2244=LINE('',#5396,#2546);
#2245=LINE('',#5397,#2547);
#2246=LINE('',#5402,#2548);
#2247=LINE('',#5404,#2549);
#2248=LINE('',#5406,#2550);
#2249=LINE('',#5408,#2551);
#2250=LINE('',#5410,#2552);
#2251=LINE('',#5412,#2553);
#2252=LINE('',#5414,#2554);
#2253=LINE('',#5416,#2555);
#2254=LINE('',#5418,#2556);
#2255=LINE('',#5420,#2557);
#2256=LINE('',#5422,#2558);
#2257=VECTOR('',#3497,1.);
#2258=VECTOR('',#3498,1.);
#2259=VECTOR('',#3499,1.);
#2260=VECTOR('',#3500,1.);
#2261=VECTOR('',#3501,1.);
#2262=VECTOR('',#3502,1.);
#2263=VECTOR('',#3503,1.);
#2264=VECTOR('',#3504,1.);
#2265=VECTOR('',#3505,1.);
#2266=VECTOR('',#3506,1.);
#2267=VECTOR('',#3507,1.);
#2268=VECTOR('',#3508,1.);
#2269=VECTOR('',#3509,1.);
#2270=VECTOR('',#3510,1.);
#2271=VECTOR('',#3511,1.);
#2272=VECTOR('',#3512,1.);
#2273=VECTOR('',#3515,1.);
#2274=VECTOR('',#3516,1.);
#2275=VECTOR('',#3517,1.);
#2276=VECTOR('',#3518,1.);
#2277=VECTOR('',#3519,1.);
#2278=VECTOR('',#3520,1.);
#2279=VECTOR('',#3523,1.);
#2280=VECTOR('',#3524,1.);
#2281=VECTOR('',#3527,1.);
#2282=VECTOR('',#3530,1.);
#2283=VECTOR('',#3531,1.);
#2284=VECTOR('',#3532,1.);
#2285=VECTOR('',#3533,1.);
#2286=VECTOR('',#3534,1.);
#2287=VECTOR('',#3535,1.);
#2288=VECTOR('',#3536,1.);
#2289=VECTOR('',#3537,1.);
#2290=VECTOR('',#3538,1.);
#2291=VECTOR('',#3539,1.);
#2292=VECTOR('',#3540,1.);
#2293=VECTOR('',#3541,1.);
#2294=VECTOR('',#3542,1.);
#2295=VECTOR('',#3543,1.);
#2296=VECTOR('',#3544,1.);
#2297=VECTOR('',#3545,1.);
#2298=VECTOR('',#3546,1.);
#2299=VECTOR('',#3549,1.);
#2300=VECTOR('',#3552,1.);
#2301=VECTOR('',#3553,1.);
#2302=VECTOR('',#3554,1.);
#2303=VECTOR('',#3555,1.);
#2304=VECTOR('',#3556,1.);
#2305=VECTOR('',#3557,1.);
#2306=VECTOR('',#3560,1.);
#2307=VECTOR('',#3561,1.);
#2308=VECTOR('',#3562,1.);
#2309=VECTOR('',#3563,1.);
#2310=VECTOR('',#3564,1.);
#2311=VECTOR('',#3565,1.);
#2312=VECTOR('',#3566,1.);
#2313=VECTOR('',#3567,1.);
#2314=VECTOR('',#3570,1.);
#2315=VECTOR('',#3573,1.);
#2316=VECTOR('',#3574,1.);
#2317=VECTOR('',#3575,1.);
#2318=VECTOR('',#3576,1.);
#2319=VECTOR('',#3577,1.);
#2320=VECTOR('',#3578,1.);
#2321=VECTOR('',#3579,1.);
#2322=VECTOR('',#3580,1.);
#2323=VECTOR('',#3581,1.);
#2324=VECTOR('',#3582,1.);
#2325=VECTOR('',#3583,1.);
#2326=VECTOR('',#3584,1.);
#2327=VECTOR('',#3585,1.);
#2328=VECTOR('',#3586,1.);
#2329=VECTOR('',#3587,1.);
#2330=VECTOR('',#3588,1.);
#2331=VECTOR('',#3589,1.);
#2332=VECTOR('',#3592,1.);
#2333=VECTOR('',#3601,1.);
#2334=VECTOR('',#3602,1.);
#2335=VECTOR('',#3603,1.);
#2336=VECTOR('',#3604,1.);
#2337=VECTOR('',#3605,1.);
#2338=VECTOR('',#3608,1.);
#2339=VECTOR('',#3611,1.);
#2340=VECTOR('',#3616,1.);
#2341=VECTOR('',#3621,1.);
#2342=VECTOR('',#3624,1.);
#2343=VECTOR('',#3629,1.);
#2344=VECTOR('',#3630,1.);
#2345=VECTOR('',#3631,1.);
#2346=VECTOR('',#3632,1.);
#2347=VECTOR('',#3635,1.);
#2348=VECTOR('',#3638,1.);
#2349=VECTOR('',#3639,1.);
#2350=VECTOR('',#3640,1.);
#2351=VECTOR('',#3643,1.);
#2352=VECTOR('',#3644,1.);
#2353=VECTOR('',#3645,1.);
#2354=VECTOR('',#3660,1.);
#2355=VECTOR('',#3669,1.);
#2356=VECTOR('',#3686,1.);
#2357=VECTOR('',#3687,1.);
#2358=VECTOR('',#3688,1.);
#2359=VECTOR('',#3689,1.);
#2360=VECTOR('',#3690,1.);
#2361=VECTOR('',#3693,1.);
#2362=VECTOR('',#3696,1.);
#2363=VECTOR('',#3697,1.);
#2364=VECTOR('',#3698,1.);
#2365=VECTOR('',#3699,1.);
#2366=VECTOR('',#3700,1.);
#2367=VECTOR('',#3701,1.);
#2368=VECTOR('',#3702,1.);
#2369=VECTOR('',#3703,1.);
#2370=VECTOR('',#3704,1.);
#2371=VECTOR('',#3705,1.);
#2372=VECTOR('',#3706,1.);
#2373=VECTOR('',#3707,1.);
#2374=VECTOR('',#3708,1.);
#2375=VECTOR('',#3709,1.);
#2376=VECTOR('',#3712,1.);
#2377=VECTOR('',#3713,1.);
#2378=VECTOR('',#3714,1.);
#2379=VECTOR('',#3715,1.);
#2380=VECTOR('',#3716,1.);
#2381=VECTOR('',#3719,1.);
#2382=VECTOR('',#3722,1.);
#2383=VECTOR('',#3723,1.);
#2384=VECTOR('',#3724,1.);
#2385=VECTOR('',#3725,1.);
#2386=VECTOR('',#3728,1.);
#2387=VECTOR('',#3731,1.);
#2388=VECTOR('',#3732,1.);
#2389=VECTOR('',#3733,1.);
#2390=VECTOR('',#3736,1.);
#2391=VECTOR('',#3737,1.);
#2392=VECTOR('',#3740,1.);
#2393=VECTOR('',#3741,1.);
#2394=VECTOR('',#3744,1.);
#2395=VECTOR('',#3747,1.);
#2396=VECTOR('',#3756,1.);
#2397=VECTOR('',#3757,1.);
#2398=VECTOR('',#3758,1.);
#2399=VECTOR('',#3763,1.);
#2400=VECTOR('',#3766,1.);
#2401=VECTOR('',#3767,1.);
#2402=VECTOR('',#3768,1.);
#2403=VECTOR('',#3769,1.);
#2404=VECTOR('',#3770,1.);
#2405=VECTOR('',#3771,1.);
#2406=VECTOR('',#3774,1.);
#2407=VECTOR('',#3777,1.);
#2408=VECTOR('',#3778,1.);
#2409=VECTOR('',#3781,1.);
#2410=VECTOR('',#3784,1.);
#2411=VECTOR('',#3785,1.);
#2412=VECTOR('',#3794,1.);
#2413=VECTOR('',#3803,1.);
#2414=VECTOR('',#3804,1.);
#2415=VECTOR('',#3807,1.);
#2416=VECTOR('',#3812,1.);
#2417=VECTOR('',#3813,1.);
#2418=VECTOR('',#3816,1.);
#2419=VECTOR('',#3819,1.);
#2420=VECTOR('',#3822,1.);
#2421=VECTOR('',#3825,1.);
#2422=VECTOR('',#3830,1.);
#2423=VECTOR('',#3835,1.);
#2424=VECTOR('',#3848,1.);
#2425=VECTOR('',#3851,1.);
#2426=VECTOR('',#3852,1.);
#2427=VECTOR('',#3857,1.);
#2428=VECTOR('',#3860,1.);
#2429=VECTOR('',#3861,1.);
#2430=VECTOR('',#3866,1.);
#2431=VECTOR('',#3873,1.);
#2432=VECTOR('',#3878,1.);
#2433=VECTOR('',#3881,1.);
#2434=VECTOR('',#3882,1.);
#2435=VECTOR('',#3885,1.);
#2436=VECTOR('',#3890,1.);
#2437=VECTOR('',#3891,1.);
#2438=VECTOR('',#3896,1.);
#2439=VECTOR('',#3899,1.);
#2440=VECTOR('',#3900,1.);
#2441=VECTOR('',#3911,1.);
#2442=VECTOR('',#3920,1.);
#2443=VECTOR('',#3921,1.);
#2444=VECTOR('',#3922,1.);
#2445=VECTOR('',#3923,1.);
#2446=VECTOR('',#3926,1.);
#2447=VECTOR('',#3927,1.);
#2448=VECTOR('',#3928,1.);
#2449=VECTOR('',#3929,1.);
#2450=VECTOR('',#3932,1.);
#2451=VECTOR('',#3937,1.);
#2452=VECTOR('',#3938,1.);
#2453=VECTOR('',#3939,1.);
#2454=VECTOR('',#3940,1.);
#2455=VECTOR('',#3943,1.);
#2456=VECTOR('',#3944,1.);
#2457=VECTOR('',#3945,1.);
#2458=VECTOR('',#3946,1.);
#2459=VECTOR('',#3949,1.);
#2460=VECTOR('',#3962,1.);
#2461=VECTOR('',#3967,1.);
#2462=VECTOR('',#3968,1.);
#2463=VECTOR('',#3969,1.);
#2464=VECTOR('',#3970,1.);
#2465=VECTOR('',#3973,1.);
#2466=VECTOR('',#3974,1.);
#2467=VECTOR('',#3975,1.);
#2468=VECTOR('',#3976,1.);
#2469=VECTOR('',#3979,1.);
#2470=VECTOR('',#3984,1.);
#2471=VECTOR('',#3985,1.);
#2472=VECTOR('',#3986,1.);
#2473=VECTOR('',#3987,1.);
#2474=VECTOR('',#3990,1.);
#2475=VECTOR('',#3991,1.);
#2476=VECTOR('',#3994,1.);
#2477=VECTOR('',#3995,1.);
#2478=VECTOR('',#3998,1.);
#2479=VECTOR('',#4011,1.);
#2480=VECTOR('',#4100,1.);
#2481=VECTOR('',#4101,1.);
#2482=VECTOR('',#4102,1.);
#2483=VECTOR('',#4105,1.);
#2484=VECTOR('',#4108,1.);
#2485=VECTOR('',#4115,1.);
#2486=VECTOR('',#4116,1.);
#2487=VECTOR('',#4117,1.);
#2488=VECTOR('',#4124,1.);
#2489=VECTOR('',#4125,1.);
#2490=VECTOR('',#4126,1.);
#2491=VECTOR('',#4129,1.);
#2492=VECTOR('',#4132,1.);
#2493=VECTOR('',#4135,1.);
#2494=VECTOR('',#4140,1.);
#2495=VECTOR('',#4141,1.);
#2496=VECTOR('',#4148,1.);
#2497=VECTOR('',#4151,1.);
#2498=VECTOR('',#4166,1.);
#2499=VECTOR('',#4169,1.);
#2500=VECTOR('',#4170,1.);
#2501=VECTOR('',#4175,1.);
#2502=VECTOR('',#4178,1.);
#2503=VECTOR('',#4179,1.);
#2504=VECTOR('',#4188,1.);
#2505=VECTOR('',#4195,1.);
#2506=VECTOR('',#4196,1.);
#2507=VECTOR('',#4197,1.);
#2508=VECTOR('',#4200,1.);
#2509=VECTOR('',#4203,1.);
#2510=VECTOR('',#4210,1.);
#2511=VECTOR('',#4211,1.);
#2512=VECTOR('',#4212,1.);
#2513=VECTOR('',#4219,1.);
#2514=VECTOR('',#4220,1.);
#2515=VECTOR('',#4221,1.);
#2516=VECTOR('',#4224,1.);
#2517=VECTOR('',#4227,1.);
#2518=VECTOR('',#4230,1.);
#2519=VECTOR('',#4235,1.);
#2520=VECTOR('',#4236,1.);
#2521=VECTOR('',#4245,1.);
#2522=VECTOR('',#4248,1.);
#2523=VECTOR('',#4259,1.);
#2524=VECTOR('',#4264,1.);
#2525=VECTOR('',#4265,1.);
#2526=VECTOR('',#4268,1.);
#2527=VECTOR('',#4273,1.);
#2528=VECTOR('',#4274,1.);
#2529=VECTOR('',#4279,1.);
#2530=VECTOR('',#4318,1.);
#2531=VECTOR('',#4321,1.);
#2532=VECTOR('',#4324,1.);
#2533=VECTOR('',#4329,1.);
#2534=VECTOR('',#4332,1.);
#2535=VECTOR('',#4335,1.);
#2536=VECTOR('',#4340,1.);
#2537=VECTOR('',#4341,1.);
#2538=VECTOR('',#4344,1.);
#2539=VECTOR('',#4351,1.);
#2540=VECTOR('',#4354,1.);
#2541=VECTOR('',#4357,1.);
#2542=VECTOR('',#4362,1.);
#2543=VECTOR('',#4365,1.);
#2544=VECTOR('',#4370,1.);
#2545=VECTOR('',#4373,1.);
#2546=VECTOR('',#4378,1.);
#2547=VECTOR('',#4379,1.);
#2548=VECTOR('',#4388,1.);
#2549=VECTOR('',#4389,1.);
#2550=VECTOR('',#4390,1.);
#2551=VECTOR('',#4391,1.);
#2552=VECTOR('',#4394,1.);
#2553=VECTOR('',#4395,1.);
#2554=VECTOR('',#4396,1.);
#2555=VECTOR('',#4397,1.);
#2556=VECTOR('',#4400,1.);
#2557=VECTOR('',#4403,1.);
#2558=VECTOR('',#4406,1.);
#2559=EDGE_LOOP('',(#250,#251,#252,#253,#254,#255,#256,#257,#258,#259,#260,
#261,#262,#263,#264,#265));
#2560=EDGE_LOOP('',(#266,#267,#268,#269,#270,#271,#272,#273));
#2561=EDGE_LOOP('',(#274,#275,#276,#277,#278,#279,#280,#281,#282,#283,#284,
#285,#286,#287,#288,#289,#290,#291,#292,#293,#294,#295,#296,#297,#298,#299,
#300,#301,#302,#303,#304,#305));
#2562=EDGE_LOOP('',(#306,#307,#308,#309,#310,#311,#312,#313,#314,#315,#316,
#317,#318,#319,#320,#321,#322,#323,#324,#325,#326,#327,#328,#329,#330,#331,
#332,#333,#334,#335,#336,#337));
#2563=EDGE_LOOP('',(#338));
#2564=EDGE_LOOP('',(#339));
#2565=EDGE_LOOP('',(#340,#341,#342,#343,#344,#345,#346,#347,#348,#349,#350,
#351,#352,#353,#354,#355,#356,#357,#358,#359,#360,#361));
#2566=EDGE_LOOP('',(#362,#363,#364,#365,#366,#367,#368));
#2567=EDGE_LOOP('',(#369,#370,#371,#372));
#2568=EDGE_LOOP('',(#373,#374,#375,#376));
#2569=EDGE_LOOP('',(#377,#378,#379,#380));
#2570=EDGE_LOOP('',(#381,#382,#383,#384));
#2571=EDGE_LOOP('',(#385,#386,#387,#388));
#2572=EDGE_LOOP('',(#389,#390,#391,#392));
#2573=EDGE_LOOP('',(#393,#394,#395,#396,#397,#398,#399,#400,#401,#402,#403,
#404,#405,#406,#407,#408,#409,#410,#411,#412,#413,#414,#415,#416,#417,#418,
#419,#420,#421,#422));
#2574=EDGE_LOOP('',(#423,#424,#425,#426,#427,#428,#429,#430,#431,#432,#433,
#434,#435,#436,#437,#438,#439,#440,#441,#442,#443));
#2575=EDGE_LOOP('',(#444,#445,#446,#447,#448));
#2576=EDGE_LOOP('',(#449,#450,#451,#452,#453,#454,#455));
#2577=EDGE_LOOP('',(#456,#457,#458,#459));
#2578=EDGE_LOOP('',(#460,#461,#462,#463,#464));
#2579=EDGE_LOOP('',(#465,#466,#467,#468));
#2580=EDGE_LOOP('',(#469,#470,#471,#472,#473,#474,#475,#476,#477,#478,#479,
#480,#481,#482,#483,#484,#485,#486,#487,#488,#489));
#2581=EDGE_LOOP('',(#490,#491,#492,#493,#494,#495,#496,#497,#498,#499,#500,
#501,#502,#503,#504,#505));
#2582=EDGE_LOOP('',(#506,#507,#508,#509,#510,#511,#512,#513));
#2583=EDGE_LOOP('',(#514,#515,#516,#517));
#2584=EDGE_LOOP('',(#518,#519,#520,#521));
#2585=EDGE_LOOP('',(#522,#523,#524,#525));
#2586=EDGE_LOOP('',(#526,#527,#528,#529,#530,#531,#532,#533,#534,#535));
#2587=EDGE_LOOP('',(#536,#537,#538,#539));
#2588=EDGE_LOOP('',(#540,#541,#542,#543));
#2589=EDGE_LOOP('',(#544,#545,#546,#547));
#2590=EDGE_LOOP('',(#548,#549,#550,#551));
#2591=EDGE_LOOP('',(#552,#553,#554,#555));
#2592=EDGE_LOOP('',(#556,#557,#558,#559));
#2593=EDGE_LOOP('',(#560,#561,#562,#563,#564));
#2594=EDGE_LOOP('',(#565,#566,#567,#568,#569));
#2595=EDGE_LOOP('',(#570,#571,#572,#573,#574,#575,#576));
#2596=EDGE_LOOP('',(#577,#578,#579,#580));
#2597=EDGE_LOOP('',(#581,#582,#583,#584));
#2598=EDGE_LOOP('',(#585,#586,#587,#588));
#2599=EDGE_LOOP('',(#589));
#2600=EDGE_LOOP('',(#590));
#2601=EDGE_LOOP('',(#591,#592,#593,#594,#595));
#2602=EDGE_LOOP('',(#596));
#2603=EDGE_LOOP('',(#597,#598,#599,#600,#601,#602));
#2604=EDGE_LOOP('',(#603,#604,#605,#606,#607,#608,#609));
#2605=EDGE_LOOP('',(#610,#611,#612,#613,#614));
#2606=EDGE_LOOP('',(#615,#616,#617,#618));
#2607=EDGE_LOOP('',(#619,#620,#621,#622));
#2608=EDGE_LOOP('',(#623,#624,#625,#626));
#2609=EDGE_LOOP('',(#627));
#2610=EDGE_LOOP('',(#628));
#2611=EDGE_LOOP('',(#629,#630,#631,#632,#633,#634));
#2612=EDGE_LOOP('',(#635));
#2613=EDGE_LOOP('',(#636,#637,#638,#639));
#2614=EDGE_LOOP('',(#640,#641,#642,#643));
#2615=EDGE_LOOP('',(#644,#645,#646,#647,#648));
#2616=EDGE_LOOP('',(#649,#650,#651,#652));
#2617=EDGE_LOOP('',(#653,#654,#655,#656));
#2618=EDGE_LOOP('',(#657,#658,#659,#660));
#2619=EDGE_LOOP('',(#661,#662,#663,#664));
#2620=EDGE_LOOP('',(#665,#666,#667,#668,#669,#670,#671,#672,#673,#674));
#2621=EDGE_LOOP('',(#675));
#2622=EDGE_LOOP('',(#676,#677,#678,#679));
#2623=EDGE_LOOP('',(#680,#681,#682,#683));
#2624=EDGE_LOOP('',(#684,#685,#686,#687));
#2625=EDGE_LOOP('',(#688,#689,#690,#691));
#2626=EDGE_LOOP('',(#692,#693,#694,#695));
#2627=EDGE_LOOP('',(#696,#697,#698,#699,#700));
#2628=EDGE_LOOP('',(#701,#702,#703,#704,#705,#706,#707,#708,#709,#710));
#2629=EDGE_LOOP('',(#711));
#2630=EDGE_LOOP('',(#712,#713,#714,#715));
#2631=EDGE_LOOP('',(#716));
#2632=EDGE_LOOP('',(#717,#718,#719,#720,#721,#722,#723,#724));
#2633=EDGE_LOOP('',(#725));
#2634=EDGE_LOOP('',(#726));
#2635=EDGE_LOOP('',(#727));
#2636=EDGE_LOOP('',(#728));
#2637=EDGE_LOOP('',(#729));
#2638=EDGE_LOOP('',(#730,#731,#732,#733,#734,#735,#736,#737));
#2639=EDGE_LOOP('',(#738));
#2640=EDGE_LOOP('',(#739));
#2641=EDGE_LOOP('',(#740));
#2642=EDGE_LOOP('',(#741));
#2643=EDGE_LOOP('',(#742));
#2644=EDGE_LOOP('',(#743));
#2645=EDGE_LOOP('',(#744));
#2646=EDGE_LOOP('',(#745));
#2647=EDGE_LOOP('',(#746));
#2648=EDGE_LOOP('',(#747));
#2649=EDGE_LOOP('',(#748));
#2650=EDGE_LOOP('',(#749));
#2651=EDGE_LOOP('',(#750,#751,#752,#753));
#2652=EDGE_LOOP('',(#754,#755,#756,#757,#758));
#2653=EDGE_LOOP('',(#759,#760,#761,#762));
#2654=EDGE_LOOP('',(#763,#764,#765,#766,#767));
#2655=EDGE_LOOP('',(#768,#769,#770,#771));
#2656=EDGE_LOOP('',(#772,#773,#774,#775,#776));
#2657=EDGE_LOOP('',(#777,#778,#779,#780));
#2658=EDGE_LOOP('',(#781,#782,#783,#784,#785));
#2659=EDGE_LOOP('',(#786,#787,#788,#789));
#2660=EDGE_LOOP('',(#790,#791,#792,#793,#794,#795));
#2661=EDGE_LOOP('',(#796,#797,#798,#799));
#2662=EDGE_LOOP('',(#800,#801,#802,#803,#804,#805));
#2663=EDGE_LOOP('',(#806,#807,#808,#809,#810));
#2664=EDGE_LOOP('',(#811,#812,#813,#814,#815));
#2665=EDGE_LOOP('',(#816,#817,#818,#819));
#2666=EDGE_LOOP('',(#820,#821,#822,#823,#824,#825));
#2667=EDGE_LOOP('',(#826,#827,#828,#829));
#2668=EDGE_LOOP('',(#830,#831,#832,#833,#834));
#2669=EDGE_LOOP('',(#835,#836,#837,#838));
#2670=EDGE_LOOP('',(#839,#840,#841,#842,#843,#844));
#2671=EDGE_LOOP('',(#845,#846,#847,#848));
#2672=EDGE_LOOP('',(#849,#850,#851,#852,#853,#854,#855,#856,#857,#858,#859,
#860,#861,#862));
#2673=EDGE_LOOP('',(#863,#864,#865,#866,#867));
#2674=EDGE_LOOP('',(#868,#869,#870,#871,#872,#873,#874,#875));
#2675=EDGE_LOOP('',(#876,#877,#878,#879));
#2676=EDGE_LOOP('',(#880,#881,#882,#883));
#2677=EDGE_LOOP('',(#884,#885,#886,#887));
#2678=EDGE_LOOP('',(#888,#889,#890,#891));
#2679=EDGE_LOOP('',(#892,#893,#894,#895));
#2680=EDGE_LOOP('',(#896,#897,#898,#899));
#2681=EDGE_LOOP('',(#900,#901,#902,#903));
#2682=EDGE_LOOP('',(#904,#905,#906,#907,#908,#909));
#2683=EDGE_LOOP('',(#910,#911,#912,#913));
#2684=EDGE_LOOP('',(#914,#915,#916,#917,#918));
#2685=EDGE_LOOP('',(#919,#920,#921,#922));
#2686=EDGE_LOOP('',(#923,#924,#925,#926,#927,#928));
#2687=EDGE_LOOP('',(#929,#930,#931,#932));
#2688=EDGE_LOOP('',(#933,#934,#935,#936,#937));
#2689=EDGE_LOOP('',(#938,#939,#940,#941,#942,#943,#944,#945,#946,#947,#948,
#949,#950,#951));
#2690=EDGE_LOOP('',(#952,#953,#954,#955,#956,#957,#958,#959));
#2691=EDGE_LOOP('',(#960,#961,#962,#963));
#2692=EDGE_LOOP('',(#964,#965,#966,#967));
#2693=EDGE_LOOP('',(#968,#969,#970,#971));
#2694=EDGE_LOOP('',(#972,#973,#974,#975));
#2695=EDGE_LOOP('',(#976,#977,#978,#979,#980,#981));
#2696=EDGE_LOOP('',(#982,#983,#984,#985));
#2697=EDGE_LOOP('',(#986,#987,#988,#989));
#2698=EDGE_LOOP('',(#990,#991,#992,#993));
#2699=EDGE_LOOP('',(#994,#995,#996,#997));
#2700=EDGE_LOOP('',(#998,#999,#1000,#1001,#1002,#1003));
#2701=EDGE_LOOP('',(#1004,#1005,#1006,#1007,#1008,#1009));
#2702=EDGE_LOOP('',(#1010,#1011,#1012,#1013,#1014,#1015,#1016,#1017));
#2703=EDGE_LOOP('',(#1018,#1019,#1020,#1021));
#2704=EDGE_LOOP('',(#1022,#1023,#1024,#1025));
#2705=EDGE_LOOP('',(#1026,#1027,#1028,#1029));
#2706=EDGE_LOOP('',(#1030,#1031,#1032,#1033));
#2707=EDGE_LOOP('',(#1034,#1035,#1036,#1037));
#2708=EDGE_LOOP('',(#1038,#1039,#1040,#1041,#1042,#1043));
#2709=EDGE_LOOP('',(#1044,#1045,#1046,#1047,#1048,#1049));
#2710=EDGE_LOOP('',(#1050,#1051,#1052,#1053,#1054,#1055,#1056,#1057));
#2711=EDGE_LOOP('',(#1058,#1059,#1060,#1061));
#2712=EDGE_LOOP('',(#1062,#1063,#1064,#1065));
#2713=EDGE_LOOP('',(#1066,#1067,#1068,#1069));
#2714=EDGE_LOOP('',(#1070,#1071,#1072,#1073));
#2715=EDGE_LOOP('',(#1074,#1075,#1076,#1077));
#2716=EDGE_LOOP('',(#1078,#1079,#1080,#1081));
#2717=EDGE_LOOP('',(#1082,#1083,#1084,#1085));
#2718=EDGE_LOOP('',(#1086,#1087,#1088,#1089));
#2719=EDGE_LOOP('',(#1090,#1091,#1092,#1093));
#2720=EDGE_LOOP('',(#1094,#1095,#1096,#1097));
#2721=EDGE_LOOP('',(#1098,#1099,#1100,#1101));
#2722=EDGE_LOOP('',(#1102,#1103,#1104,#1105));
#2723=EDGE_LOOP('',(#1106,#1107,#1108,#1109));
#2724=EDGE_LOOP('',(#1110,#1111,#1112,#1113));
#2725=EDGE_LOOP('',(#1114,#1115,#1116,#1117));
#2726=EDGE_LOOP('',(#1118,#1119,#1120,#1121));
#2727=EDGE_LOOP('',(#1122,#1123,#1124,#1125));
#2728=EDGE_LOOP('',(#1126,#1127,#1128,#1129,#1130,#1131));
#2729=EDGE_LOOP('',(#1132,#1133,#1134,#1135,#1136,#1137));
#2730=EDGE_LOOP('',(#1138,#1139,#1140,#1141));
#2731=EDGE_LOOP('',(#1142,#1143,#1144,#1145,#1146,#1147));
#2732=EDGE_LOOP('',(#1148,#1149,#1150,#1151));
#2733=EDGE_LOOP('',(#1152,#1153,#1154,#1155));
#2734=EDGE_LOOP('',(#1156,#1157,#1158,#1159,#1160,#1161));
#2735=EDGE_LOOP('',(#1162,#1163,#1164,#1165,#1166,#1167));
#2736=EDGE_LOOP('',(#1168,#1169,#1170,#1171));
#2737=EDGE_LOOP('',(#1172,#1173,#1174,#1175));
#2738=EDGE_LOOP('',(#1176,#1177,#1178,#1179));
#2739=EDGE_LOOP('',(#1180,#1181,#1182,#1183));
#2740=FACE_BOUND('',#2559,.T.);
#2741=FACE_BOUND('',#2560,.T.);
#2742=FACE_BOUND('',#2561,.T.);
#2743=FACE_BOUND('',#2562,.T.);
#2744=FACE_BOUND('',#2563,.T.);
#2745=FACE_BOUND('',#2564,.T.);
#2746=FACE_BOUND('',#2565,.T.);
#2747=FACE_BOUND('',#2566,.T.);
#2748=FACE_BOUND('',#2567,.T.);
#2749=FACE_BOUND('',#2568,.T.);
#2750=FACE_BOUND('',#2569,.T.);
#2751=FACE_BOUND('',#2570,.T.);
#2752=FACE_BOUND('',#2571,.T.);
#2753=FACE_BOUND('',#2572,.T.);
#2754=FACE_BOUND('',#2573,.T.);
#2755=FACE_BOUND('',#2574,.T.);
#2756=FACE_BOUND('',#2575,.T.);
#2757=FACE_BOUND('',#2576,.T.);
#2758=FACE_BOUND('',#2577,.T.);
#2759=FACE_BOUND('',#2578,.T.);
#2760=FACE_BOUND('',#2579,.T.);
#2761=FACE_BOUND('',#2580,.T.);
#2762=FACE_BOUND('',#2581,.T.);
#2763=FACE_BOUND('',#2582,.T.);
#2764=FACE_BOUND('',#2583,.T.);
#2765=FACE_BOUND('',#2584,.T.);
#2766=FACE_BOUND('',#2585,.T.);
#2767=FACE_BOUND('',#2586,.T.);
#2768=FACE_BOUND('',#2587,.T.);
#2769=FACE_BOUND('',#2588,.T.);
#2770=FACE_BOUND('',#2589,.T.);
#2771=FACE_BOUND('',#2590,.T.);
#2772=FACE_BOUND('',#2591,.T.);
#2773=FACE_BOUND('',#2592,.T.);
#2774=FACE_BOUND('',#2593,.T.);
#2775=FACE_BOUND('',#2594,.T.);
#2776=FACE_BOUND('',#2595,.T.);
#2777=FACE_BOUND('',#2596,.T.);
#2778=FACE_BOUND('',#2597,.T.);
#2779=FACE_BOUND('',#2598,.T.);
#2780=FACE_BOUND('',#2599,.T.);
#2781=FACE_BOUND('',#2600,.T.);
#2782=FACE_BOUND('',#2601,.T.);
#2783=FACE_BOUND('',#2602,.T.);
#2784=FACE_BOUND('',#2603,.T.);
#2785=FACE_BOUND('',#2604,.T.);
#2786=FACE_BOUND('',#2605,.T.);
#2787=FACE_BOUND('',#2606,.T.);
#2788=FACE_BOUND('',#2607,.T.);
#2789=FACE_BOUND('',#2608,.T.);
#2790=FACE_BOUND('',#2609,.T.);
#2791=FACE_BOUND('',#2610,.T.);
#2792=FACE_BOUND('',#2611,.T.);
#2793=FACE_BOUND('',#2612,.T.);
#2794=FACE_BOUND('',#2613,.T.);
#2795=FACE_BOUND('',#2614,.T.);
#2796=FACE_BOUND('',#2615,.T.);
#2797=FACE_BOUND('',#2616,.T.);
#2798=FACE_BOUND('',#2617,.T.);
#2799=FACE_BOUND('',#2618,.T.);
#2800=FACE_BOUND('',#2619,.T.);
#2801=FACE_BOUND('',#2620,.T.);
#2802=FACE_BOUND('',#2621,.T.);
#2803=FACE_BOUND('',#2622,.T.);
#2804=FACE_BOUND('',#2623,.T.);
#2805=FACE_BOUND('',#2624,.T.);
#2806=FACE_BOUND('',#2625,.T.);
#2807=FACE_BOUND('',#2626,.T.);
#2808=FACE_BOUND('',#2627,.T.);
#2809=FACE_BOUND('',#2628,.T.);
#2810=FACE_BOUND('',#2629,.T.);
#2811=FACE_BOUND('',#2630,.T.);
#2812=FACE_BOUND('',#2631,.T.);
#2813=FACE_BOUND('',#2632,.T.);
#2814=FACE_BOUND('',#2633,.T.);
#2815=FACE_BOUND('',#2634,.T.);
#2816=FACE_BOUND('',#2635,.T.);
#2817=FACE_BOUND('',#2636,.T.);
#2818=FACE_BOUND('',#2637,.T.);
#2819=FACE_BOUND('',#2638,.T.);
#2820=FACE_BOUND('',#2639,.T.);
#2821=FACE_BOUND('',#2640,.T.);
#2822=FACE_BOUND('',#2641,.T.);
#2823=FACE_BOUND('',#2642,.T.);
#2824=FACE_BOUND('',#2643,.T.);
#2825=FACE_BOUND('',#2644,.T.);
#2826=FACE_BOUND('',#2645,.T.);
#2827=FACE_BOUND('',#2646,.T.);
#2828=FACE_BOUND('',#2647,.T.);
#2829=FACE_BOUND('',#2648,.T.);
#2830=FACE_BOUND('',#2649,.T.);
#2831=FACE_BOUND('',#2650,.T.);
#2832=FACE_BOUND('',#2651,.T.);
#2833=FACE_BOUND('',#2652,.T.);
#2834=FACE_BOUND('',#2653,.T.);
#2835=FACE_BOUND('',#2654,.T.);
#2836=FACE_BOUND('',#2655,.T.);
#2837=FACE_BOUND('',#2656,.T.);
#2838=FACE_BOUND('',#2657,.T.);
#2839=FACE_BOUND('',#2658,.T.);
#2840=FACE_BOUND('',#2659,.T.);
#2841=FACE_BOUND('',#2660,.T.);
#2842=FACE_BOUND('',#2661,.T.);
#2843=FACE_BOUND('',#2662,.T.);
#2844=FACE_BOUND('',#2663,.T.);
#2845=FACE_BOUND('',#2664,.T.);
#2846=FACE_BOUND('',#2665,.T.);
#2847=FACE_BOUND('',#2666,.T.);
#2848=FACE_BOUND('',#2667,.T.);
#2849=FACE_BOUND('',#2668,.T.);
#2850=FACE_BOUND('',#2669,.T.);
#2851=FACE_BOUND('',#2670,.T.);
#2852=FACE_BOUND('',#2671,.T.);
#2853=FACE_BOUND('',#2672,.T.);
#2854=FACE_BOUND('',#2673,.T.);
#2855=FACE_BOUND('',#2674,.T.);
#2856=FACE_BOUND('',#2675,.T.);
#2857=FACE_BOUND('',#2676,.T.);
#2858=FACE_BOUND('',#2677,.T.);
#2859=FACE_BOUND('',#2678,.T.);
#2860=FACE_BOUND('',#2679,.T.);
#2861=FACE_BOUND('',#2680,.T.);
#2862=FACE_BOUND('',#2681,.T.);
#2863=FACE_BOUND('',#2682,.T.);
#2864=FACE_BOUND('',#2683,.T.);
#2865=FACE_BOUND('',#2684,.T.);
#2866=FACE_BOUND('',#2685,.T.);
#2867=FACE_BOUND('',#2686,.T.);
#2868=FACE_BOUND('',#2687,.T.);
#2869=FACE_BOUND('',#2688,.T.);
#2870=FACE_BOUND('',#2689,.T.);
#2871=FACE_BOUND('',#2690,.T.);
#2872=FACE_BOUND('',#2691,.T.);
#2873=FACE_BOUND('',#2692,.T.);
#2874=FACE_BOUND('',#2693,.T.);
#2875=FACE_BOUND('',#2694,.T.);
#2876=FACE_BOUND('',#2695,.T.);
#2877=FACE_BOUND('',#2696,.T.);
#2878=FACE_BOUND('',#2697,.T.);
#2879=FACE_BOUND('',#2698,.T.);
#2880=FACE_BOUND('',#2699,.T.);
#2881=FACE_BOUND('',#2700,.T.);
#2882=FACE_BOUND('',#2701,.T.);
#2883=FACE_BOUND('',#2702,.T.);
#2884=FACE_BOUND('',#2703,.T.);
#2885=FACE_BOUND('',#2704,.T.);
#2886=FACE_BOUND('',#2705,.T.);
#2887=FACE_BOUND('',#2706,.T.);
#2888=FACE_BOUND('',#2707,.T.);
#2889=FACE_BOUND('',#2708,.T.);
#2890=FACE_BOUND('',#2709,.T.);
#2891=FACE_BOUND('',#2710,.T.);
#2892=FACE_BOUND('',#2711,.T.);
#2893=FACE_BOUND('',#2712,.T.);
#2894=FACE_BOUND('',#2713,.T.);
#2895=FACE_BOUND('',#2714,.T.);
#2896=FACE_BOUND('',#2715,.T.);
#2897=FACE_BOUND('',#2716,.T.);
#2898=FACE_BOUND('',#2717,.T.);
#2899=FACE_BOUND('',#2718,.T.);
#2900=FACE_BOUND('',#2719,.T.);
#2901=FACE_BOUND('',#2720,.T.);
#2902=FACE_BOUND('',#2721,.T.);
#2903=FACE_BOUND('',#2722,.T.);
#2904=FACE_BOUND('',#2723,.T.);
#2905=FACE_BOUND('',#2724,.T.);
#2906=FACE_BOUND('',#2725,.T.);
#2907=FACE_BOUND('',#2726,.T.);
#2908=FACE_BOUND('',#2727,.T.);
#2909=FACE_BOUND('',#2728,.T.);
#2910=FACE_BOUND('',#2729,.T.);
#2911=FACE_BOUND('',#2730,.T.);
#2912=FACE_BOUND('',#2731,.T.);
#2913=FACE_BOUND('',#2732,.T.);
#2914=FACE_BOUND('',#2733,.T.);
#2915=FACE_BOUND('',#2734,.T.);
#2916=FACE_BOUND('',#2735,.T.);
#2917=FACE_BOUND('',#2736,.T.);
#2918=FACE_BOUND('',#2737,.T.);
#2919=FACE_BOUND('',#2738,.T.);
#2920=FACE_BOUND('',#2739,.T.);
#2921=PLANE('',#3187);
#2922=PLANE('',#3188);
#2923=PLANE('',#3189);
#2924=PLANE('',#3194);
#2925=PLANE('',#3199);
#2926=PLANE('',#3210);
#2927=PLANE('',#3212);
#2928=PLANE('',#3213);
#2929=PLANE('',#3214);
#2930=PLANE('',#3219);
#2931=PLANE('',#3223);
#2932=PLANE('',#3227);
#2933=PLANE('',#3232);
#2934=PLANE('',#3235);
#2935=PLANE('',#3240);
#2936=PLANE('',#3242);
#2937=PLANE('',#3246);
#2938=PLANE('',#3250);
#2939=PLANE('',#3255);
#2940=PLANE('',#3262);
#2941=PLANE('',#3265);
#2942=PLANE('',#3266);
#2943=PLANE('',#3268);
#2944=PLANE('',#3270);
#2945=PLANE('',#3271);
#2946=PLANE('',#3272);
#2947=PLANE('',#3273);
#2948=PLANE('',#3274);
#2949=PLANE('',#3279);
#2950=PLANE('',#3283);
#2951=PLANE('',#3288);
#2952=PLANE('',#3290);
#2953=PLANE('',#3291);
#2954=PLANE('',#3293);
#2955=PLANE('',#3297);
#2956=PLANE('',#3302);
#2957=PLANE('',#3305);
#2958=PLANE('',#3307);
#2959=PLANE('',#3308);
#2960=PLANE('',#3310);
#2961=PLANE('',#3311);
#2962=PLANE('',#3312);
#2963=PLANE('',#3318);
#2964=PLANE('',#3320);
#2965=PLANE('',#3321);
#2966=PLANE('',#3322);
#2967=PLANE('',#3324);
#2968=PLANE('',#3325);
#2969=PLANE('',#3327);
#2970=PLANE('',#3333);
#2971=PLANE('',#3339);
#2972=PLANE('',#3346);
#2973=PLANE('',#3377);
#2974=PLANE('',#3382);
#2975=PLANE('',#3383);
#2976=PLANE('',#3385);
#2977=PLANE('',#3390);
#2978=PLANE('',#3391);
#2979=PLANE('',#3396);
#2980=PLANE('',#3402);
#2981=PLANE('',#3405);
#2982=PLANE('',#3408);
#2983=PLANE('',#3412);
#2984=PLANE('',#3417);
#2985=PLANE('',#3418);
#2986=PLANE('',#3420);
#2987=PLANE('',#3425);
#2988=PLANE('',#3426);
#2989=PLANE('',#3428);
#2990=PLANE('',#3437);
#2991=PLANE('',#3440);
#2992=PLANE('',#3442);
#2993=PLANE('',#3462);
#2994=PLANE('',#3464);
#2995=PLANE('',#3466);
#2996=PLANE('',#3468);
#2997=PLANE('',#3470);
#2998=PLANE('',#3472);
#2999=PLANE('',#3473);
#3000=PLANE('',#3475);
#3001=PLANE('',#3477);
#3002=PLANE('',#3480);
#3003=PLANE('',#3483);
#3004=PLANE('',#3484);
#3005=PLANE('',#3487);
#3006=PLANE('',#3488);
#3007=PLANE('',#3489);
#3008=PLANE('',#3490);
#3009=PLANE('',#3491);
#3010=PLANE('',#3492);
#3011=ADVANCED_FACE('',(#2740),#2921,.F.);
#3012=ADVANCED_FACE('',(#2741),#2922,.F.);
#3013=ADVANCED_FACE('',(#2742),#2923,.F.);
#3014=ADVANCED_FACE('',(#2743),#2924,.T.);
#3015=ADVANCED_FACE('',(#2744,#2745,#2746),#2925,.T.);
#3016=ADVANCED_FACE('',(#2747),#2926,.T.);
#3017=ADVANCED_FACE('',(#2748),#2927,.F.);
#3018=ADVANCED_FACE('',(#2749),#2928,.F.);
#3019=ADVANCED_FACE('',(#2750),#2929,.T.);
#3020=ADVANCED_FACE('',(#2751),#2930,.T.);
#3021=ADVANCED_FACE('',(#2752),#2931,.F.);
#3022=ADVANCED_FACE('',(#2753),#2932,.F.);
#3023=ADVANCED_FACE('',(#2754),#2933,.T.);
#3024=ADVANCED_FACE('',(#2755),#2934,.F.);
#3025=ADVANCED_FACE('',(#2756),#2935,.F.);
#3026=ADVANCED_FACE('',(#2757),#2936,.T.);
#3027=ADVANCED_FACE('',(#2758),#49,.F.);
#3028=ADVANCED_FACE('',(#2759),#2937,.F.);
#3029=ADVANCED_FACE('',(#2760),#50,.F.);
#3030=ADVANCED_FACE('',(#2761),#2938,.T.);
#3031=ADVANCED_FACE('',(#2762),#2939,.F.);
#3032=ADVANCED_FACE('',(#2763),#2940,.T.);
#3033=ADVANCED_FACE('',(#2764),#2941,.F.);
#3034=ADVANCED_FACE('',(#2765),#2942,.T.);
#3035=ADVANCED_FACE('',(#2766),#51,.F.);
#3036=ADVANCED_FACE('',(#2767),#2943,.F.);
#3037=ADVANCED_FACE('',(#2768),#52,.F.);
#3038=ADVANCED_FACE('',(#2769),#2944,.F.);
#3039=ADVANCED_FACE('',(#2770),#2945,.T.);
#3040=ADVANCED_FACE('',(#2771),#2946,.F.);
#3041=ADVANCED_FACE('',(#2772),#2947,.F.);
#3042=ADVANCED_FACE('',(#2773),#2948,.F.);
#3043=ADVANCED_FACE('',(#2774),#53,.F.);
#3044=ADVANCED_FACE('',(#2775),#54,.F.);
#3045=ADVANCED_FACE('',(#2776),#2949,.T.);
#3046=ADVANCED_FACE('',(#2777),#55,.T.);
#3047=ADVANCED_FACE('',(#2778),#2950,.T.);
#3048=ADVANCED_FACE('',(#2779),#56,.T.);
#3049=ADVANCED_FACE('',(#2780,#2781),#57,.F.);
#3050=ADVANCED_FACE('',(#2782),#2951,.F.);
#3051=ADVANCED_FACE('',(#2783,#2784),#2952,.F.);
#3052=ADVANCED_FACE('',(#2785),#2953,.F.);
#3053=ADVANCED_FACE('',(#2786),#2954,.T.);
#3054=ADVANCED_FACE('',(#2787),#58,.T.);
#3055=ADVANCED_FACE('',(#2788),#2955,.F.);
#3056=ADVANCED_FACE('',(#2789),#59,.T.);
#3057=ADVANCED_FACE('',(#2790,#2791),#60,.F.);
#3058=ADVANCED_FACE('',(#2792,#2793),#2956,.F.);
#3059=ADVANCED_FACE('',(#2794),#61,.F.);
#3060=ADVANCED_FACE('',(#2795),#62,.F.);
#3061=ADVANCED_FACE('',(#2796),#2957,.T.);
#3062=ADVANCED_FACE('',(#2797),#2958,.F.);
#3063=ADVANCED_FACE('',(#2798),#2959,.F.);
#3064=ADVANCED_FACE('',(#2799),#2960,.F.);
#3065=ADVANCED_FACE('',(#2800),#2961,.T.);
#3066=ADVANCED_FACE('',(#2801,#2802),#2962,.T.);
#3067=ADVANCED_FACE('',(#2803),#2963,.F.);
#3068=ADVANCED_FACE('',(#2804),#2964,.T.);
#3069=ADVANCED_FACE('',(#2805),#2965,.F.);
#3070=ADVANCED_FACE('',(#2806),#2966,.F.);
#3071=ADVANCED_FACE('',(#2807),#2967,.T.);
#3072=ADVANCED_FACE('',(#2808),#2968,.F.);
#3073=ADVANCED_FACE('',(#2809,#2810),#2969,.T.);
#3074=ADVANCED_FACE('',(#2811),#2970,.F.);
#3075=ADVANCED_FACE('',(#2812,#2813),#63,.T.);
#3076=ADVANCED_FACE('',(#2814,#2815),#64,.F.);
#3077=ADVANCED_FACE('',(#2816,#2817),#2971,.F.);
#3078=ADVANCED_FACE('',(#2818,#2819),#65,.T.);
#3079=ADVANCED_FACE('',(#2820,#2821),#66,.F.);
#3080=ADVANCED_FACE('',(#2822,#2823),#2972,.F.);
#3081=ADVANCED_FACE('',(#2824,#2825),#34,.T.);
#3082=ADVANCED_FACE('',(#2826,#2827),#35,.T.);
#3083=ADVANCED_FACE('',(#2828,#2829),#36,.T.);
#3084=ADVANCED_FACE('',(#2830,#2831),#37,.T.);
#3085=ADVANCED_FACE('',(#2832),#67,.F.);
#3086=ADVANCED_FACE('',(#2833),#68,.F.);
#3087=ADVANCED_FACE('',(#2834),#69,.F.);
#3088=ADVANCED_FACE('',(#2835),#70,.F.);
#3089=ADVANCED_FACE('',(#2836),#71,.F.);
#3090=ADVANCED_FACE('',(#2837),#72,.F.);
#3091=ADVANCED_FACE('',(#2838),#73,.F.);
#3092=ADVANCED_FACE('',(#2839),#74,.F.);
#3093=ADVANCED_FACE('',(#2840),#75,.F.);
#3094=ADVANCED_FACE('',(#2841),#76,.F.);
#3095=ADVANCED_FACE('',(#2842),#77,.F.);
#3096=ADVANCED_FACE('',(#2843),#78,.F.);
#3097=ADVANCED_FACE('',(#2844),#79,.F.);
#3098=ADVANCED_FACE('',(#2845),#80,.F.);
#3099=ADVANCED_FACE('',(#2846),#2973,.T.);
#3100=ADVANCED_FACE('',(#2847),#81,.F.);
#3101=ADVANCED_FACE('',(#2848),#2974,.F.);
#3102=ADVANCED_FACE('',(#2849),#2975,.F.);
#3103=ADVANCED_FACE('',(#2850),#2976,.T.);
#3104=ADVANCED_FACE('',(#2851),#82,.F.);
#3105=ADVANCED_FACE('',(#2852),#2977,.F.);
#3106=ADVANCED_FACE('',(#2853),#2978,.T.);
#3107=ADVANCED_FACE('',(#2854),#2979,.F.);
#3108=ADVANCED_FACE('',(#2855),#83,.T.);
#3109=ADVANCED_FACE('',(#2856),#84,.T.);
#3110=ADVANCED_FACE('',(#2857),#2980,.T.);
#3111=ADVANCED_FACE('',(#2858),#85,.F.);
#3112=ADVANCED_FACE('',(#2859),#2981,.T.);
#3113=ADVANCED_FACE('',(#2860),#86,.T.);
#3114=ADVANCED_FACE('',(#2861),#2982,.F.);
#3115=ADVANCED_FACE('',(#2862),#2983,.T.);
#3116=ADVANCED_FACE('',(#2863),#87,.F.);
#3117=ADVANCED_FACE('',(#2864),#2984,.F.);
#3118=ADVANCED_FACE('',(#2865),#2985,.T.);
#3119=ADVANCED_FACE('',(#2866),#2986,.T.);
#3120=ADVANCED_FACE('',(#2867),#88,.F.);
#3121=ADVANCED_FACE('',(#2868),#2987,.F.);
#3122=ADVANCED_FACE('',(#2869),#2988,.T.);
#3123=ADVANCED_FACE('',(#2870),#2989,.F.);
#3124=ADVANCED_FACE('',(#2871),#89,.T.);
#3125=ADVANCED_FACE('',(#2872),#90,.T.);
#3126=ADVANCED_FACE('',(#2873),#2990,.T.);
#3127=ADVANCED_FACE('',(#2874),#91,.F.);
#3128=ADVANCED_FACE('',(#2875),#2991,.T.);
#3129=ADVANCED_FACE('',(#2876),#92,.T.);
#3130=ADVANCED_FACE('',(#2877),#2992,.T.);
#3131=ADVANCED_FACE('',(#2878),#38,.T.);
#3132=ADVANCED_FACE('',(#2879),#39,.T.);
#3133=ADVANCED_FACE('',(#2880),#93,.T.);
#3134=ADVANCED_FACE('',(#2881),#40,.T.);
#3135=ADVANCED_FACE('',(#2882),#41,.T.);
#3136=ADVANCED_FACE('',(#2883),#42,.T.);
#3137=ADVANCED_FACE('',(#2884),#43,.T.);
#3138=ADVANCED_FACE('',(#2885),#94,.T.);
#3139=ADVANCED_FACE('',(#2886),#44,.T.);
#3140=ADVANCED_FACE('',(#2887),#45,.T.);
#3141=ADVANCED_FACE('',(#2888),#95,.T.);
#3142=ADVANCED_FACE('',(#2889),#46,.T.);
#3143=ADVANCED_FACE('',(#2890),#47,.T.);
#3144=ADVANCED_FACE('',(#2891),#48,.T.);
#3145=ADVANCED_FACE('',(#2892),#96,.T.);
#3146=ADVANCED_FACE('',(#2893),#97,.F.);
#3147=ADVANCED_FACE('',(#2894),#2993,.T.);
#3148=ADVANCED_FACE('',(#2895),#98,.F.);
#3149=ADVANCED_FACE('',(#2896),#2994,.F.);
#3150=ADVANCED_FACE('',(#2897),#99,.F.);
#3151=ADVANCED_FACE('',(#2898),#2995,.T.);
#3152=ADVANCED_FACE('',(#2899),#100,.F.);
#3153=ADVANCED_FACE('',(#2900),#2996,.F.);
#3154=ADVANCED_FACE('',(#2901),#101,.F.);
#3155=ADVANCED_FACE('',(#2902),#2997,.T.);
#3156=ADVANCED_FACE('',(#2903),#102,.F.);
#3157=ADVANCED_FACE('',(#2904),#2998,.F.);
#3158=ADVANCED_FACE('',(#2905),#2999,.F.);
#3159=ADVANCED_FACE('',(#2906),#103,.F.);
#3160=ADVANCED_FACE('',(#2907),#3000,.T.);
#3161=ADVANCED_FACE('',(#2908),#104,.F.);
#3162=ADVANCED_FACE('',(#2909),#3001,.T.);
#3163=ADVANCED_FACE('',(#2910),#3002,.F.);
#3164=ADVANCED_FACE('',(#2911),#3003,.F.);
#3165=ADVANCED_FACE('',(#2912),#3004,.T.);
#3166=ADVANCED_FACE('',(#2913),#105,.F.);
#3167=ADVANCED_FACE('',(#2914),#106,.F.);
#3168=ADVANCED_FACE('',(#2915),#3005,.F.);
#3169=ADVANCED_FACE('',(#2916),#3006,.T.);
#3170=ADVANCED_FACE('',(#2917),#3007,.T.);
#3171=ADVANCED_FACE('',(#2918),#3008,.F.);
#3172=ADVANCED_FACE('',(#2919),#3009,.F.);
#3173=ADVANCED_FACE('',(#2920),#3010,.T.);
#3174=CLOSED_SHELL('',(#3011,#3012,#3013,#3014,#3015,#3016,#3017,#3018,
#3019,#3020,#3021,#3022,#3023,#3024,#3025,#3026,#3027,#3028,#3029,#3030,
#3031,#3032,#3033,#3034,#3035,#3036,#3037,#3038,#3039,#3040,#3041,#3042,
#3043,#3044,#3045,#3046,#3047,#3048,#3049,#3050,#3051,#3052,#3053,#3054,
#3055,#3056,#3057,#3058,#3059,#3060,#3061,#3062,#3063,#3064,#3065,#3066,
#3067,#3068,#3069,#3070,#3071,#3072,#3073,#3074,#3075,#3076,#3077,#3078,
#3079,#3080,#3081,#3082,#3083,#3084,#3085,#3086,#3087,#3088,#3089,#3090,
#3091,#3092,#3093,#3094,#3095,#3096,#3097,#3098,#3099,#3100,#3101,#3102,
#3103,#3104,#3105,#3106,#3107,#3108,#3109,#3110,#3111,#3112,#3113,#3114,
#3115,#3116,#3117,#3118,#3119,#3120,#3121,#3122,#3123,#3124,#3125,#3126,
#3127,#3128,#3129,#3130,#3131,#3132,#3133,#3134,#3135,#3136,#3137,#3138,
#3139,#3140,#3141,#3142,#3143,#3144,#3145,#3146,#3147,#3148,#3149,#3150,
#3151,#3152,#3153,#3154,#3155,#3156,#3157,#3158,#3159,#3160,#3161,#3162,
#3163,#3164,#3165,#3166,#3167,#3168,#3169,#3170,#3171,#3172,#3173));
#3175=STYLED_ITEM('',(#3176),#3183);
#3176=PRESENTATION_STYLE_ASSIGNMENT((#3177));
#3177=SURFACE_STYLE_USAGE(.BOTH.,#3178);
#3178=SURFACE_SIDE_STYLE('',(#3179));
#3179=SURFACE_STYLE_FILL_AREA(#3180);
#3180=FILL_AREA_STYLE('',(#3181));
#3181=FILL_AREA_STYLE_COLOUR('',#3182);
#3182=COLOUR_RGB('',0.615686274509804,0.811764705882353,0.929411764705882);
#3183=MANIFOLD_SOLID_BREP('Board Housing',#3174);
#3184=SHAPE_DEFINITION_REPRESENTATION(#5430,#3185);
#3185=SHAPE_REPRESENTATION('Board Housing',(#3186),#5425);
#3186=AXIS2_PLACEMENT_3D('',#4409,#3493,#3494);
#3187=AXIS2_PLACEMENT_3D('',#4410,#3495,#3496);
#3188=AXIS2_PLACEMENT_3D('',#4443,#3513,#3514);
#3189=AXIS2_PLACEMENT_3D('',#4454,#3521,#3522);
#3190=AXIS2_PLACEMENT_3D('',#4460,#3525,#3526);
#3191=AXIS2_PLACEMENT_3D('',#4464,#3528,#3529);
#3192=AXIS2_PLACEMENT_3D('',#4500,#3547,#3548);
#3193=AXIS2_PLACEMENT_3D('',#4504,#3550,#3551);
#3194=AXIS2_PLACEMENT_3D('',#4516,#3558,#3559);
#3195=AXIS2_PLACEMENT_3D('',#4533,#3568,#3569);
#3196=AXIS2_PLACEMENT_3D('',#4537,#3571,#3572);
#3197=AXIS2_PLACEMENT_3D('',#4573,#3590,#3591);
#3198=AXIS2_PLACEMENT_3D('',#4577,#3593,#3594);
#3199=AXIS2_PLACEMENT_3D('',#4578,#3595,#3596);
#3200=AXIS2_PLACEMENT_3D('',#4579,#3597,#3598);
#3201=AXIS2_PLACEMENT_3D('',#4581,#3599,#3600);
#3202=AXIS2_PLACEMENT_3D('',#4594,#3606,#3607);
#3203=AXIS2_PLACEMENT_3D('',#4598,#3609,#3610);
#3204=AXIS2_PLACEMENT_3D('',#4601,#3612,#3613);
#3205=AXIS2_PLACEMENT_3D('',#4603,#3614,#3615);
#3206=AXIS2_PLACEMENT_3D('',#4605,#3617,#3618);
#3207=AXIS2_PLACEMENT_3D('',#4607,#3619,#3620);
#3208=AXIS2_PLACEMENT_3D('',#4610,#3622,#3623);
#3209=AXIS2_PLACEMENT_3D('',#4614,#3625,#3626);
#3210=AXIS2_PLACEMENT_3D('',#4615,#3627,#3628);
#3211=AXIS2_PLACEMENT_3D('',#4624,#3633,#3634);
#3212=AXIS2_PLACEMENT_3D('',#4627,#3636,#3637);
#3213=AXIS2_PLACEMENT_3D('',#4633,#3641,#3642);
#3214=AXIS2_PLACEMENT_3D('',#4639,#3646,#3647);
#3215=AXIS2_PLACEMENT_3D('',#4640,#3648,#3649);
#3216=AXIS2_PLACEMENT_3D('',#4643,#3650,#3651);
#3217=AXIS2_PLACEMENT_3D('',#4645,#3652,#3653);
#3218=AXIS2_PLACEMENT_3D('',#4647,#3654,#3655);
#3219=AXIS2_PLACEMENT_3D('',#4648,#3656,#3657);
#3220=AXIS2_PLACEMENT_3D('',#4649,#3658,#3659);
#3221=AXIS2_PLACEMENT_3D('',#4654,#3661,#3662);
#3222=AXIS2_PLACEMENT_3D('',#4656,#3663,#3664);
#3223=AXIS2_PLACEMENT_3D('',#4657,#3665,#3666);
#3224=AXIS2_PLACEMENT_3D('',#4658,#3667,#3668);
#3225=AXIS2_PLACEMENT_3D('',#4663,#3670,#3671);
#3226=AXIS2_PLACEMENT_3D('',#4665,#3672,#3673);
#3227=AXIS2_PLACEMENT_3D('',#4666,#3674,#3675);
#3228=AXIS2_PLACEMENT_3D('',#4667,#3676,#3677);
#3229=AXIS2_PLACEMENT_3D('',#4670,#3678,#3679);
#3230=AXIS2_PLACEMENT_3D('',#4672,#3680,#3681);
#3231=AXIS2_PLACEMENT_3D('',#4674,#3682,#3683);
#3232=AXIS2_PLACEMENT_3D('',#4675,#3684,#3685);
#3233=AXIS2_PLACEMENT_3D('',#4685,#3691,#3692);
#3234=AXIS2_PLACEMENT_3D('',#4689,#3694,#3695);
#3235=AXIS2_PLACEMENT_3D('',#4713,#3710,#3711);
#3236=AXIS2_PLACEMENT_3D('',#4724,#3717,#3718);
#3237=AXIS2_PLACEMENT_3D('',#4728,#3720,#3721);
#3238=AXIS2_PLACEMENT_3D('',#4737,#3726,#3727);
#3239=AXIS2_PLACEMENT_3D('',#4741,#3729,#3730);
#3240=AXIS2_PLACEMENT_3D('',#4747,#3734,#3735);
#3241=AXIS2_PLACEMENT_3D('',#4753,#3738,#3739);
#3242=AXIS2_PLACEMENT_3D('',#4758,#3742,#3743);
#3243=AXIS2_PLACEMENT_3D('',#4760,#3745,#3746);
#3244=AXIS2_PLACEMENT_3D('',#4762,#3748,#3749);
#3245=AXIS2_PLACEMENT_3D('',#4763,#3750,#3751);
#3246=AXIS2_PLACEMENT_3D('',#4764,#3752,#3753);
#3247=AXIS2_PLACEMENT_3D('',#4765,#3754,#3755);
#3248=AXIS2_PLACEMENT_3D('',#4772,#3759,#3760);
#3249=AXIS2_PLACEMENT_3D('',#4773,#3761,#3762);
#3250=AXIS2_PLACEMENT_3D('',#4776,#3764,#3765);
#3251=AXIS2_PLACEMENT_3D('',#4789,#3772,#3773);
#3252=AXIS2_PLACEMENT_3D('',#4793,#3775,#3776);
#3253=AXIS2_PLACEMENT_3D('',#4797,#3779,#3780);
#3254=AXIS2_PLACEMENT_3D('',#4801,#3782,#3783);
#3255=AXIS2_PLACEMENT_3D('',#4805,#3786,#3787);
#3256=AXIS2_PLACEMENT_3D('',#4806,#3788,#3789);
#3257=AXIS2_PLACEMENT_3D('',#4808,#3790,#3791);
#3258=AXIS2_PLACEMENT_3D('',#4809,#3792,#3793);
#3259=AXIS2_PLACEMENT_3D('',#4813,#3795,#3796);
#3260=AXIS2_PLACEMENT_3D('',#4814,#3797,#3798);
#3261=AXIS2_PLACEMENT_3D('',#4816,#3799,#3800);
#3262=AXIS2_PLACEMENT_3D('',#4817,#3801,#3802);
#3263=AXIS2_PLACEMENT_3D('',#4822,#3805,#3806);
#3264=AXIS2_PLACEMENT_3D('',#4826,#3808,#3809);
#3265=AXIS2_PLACEMENT_3D('',#4827,#3810,#3811);
#3266=AXIS2_PLACEMENT_3D('',#4830,#3814,#3815);
#3267=AXIS2_PLACEMENT_3D('',#4832,#3817,#3818);
#3268=AXIS2_PLACEMENT_3D('',#4834,#3820,#3821);
#3269=AXIS2_PLACEMENT_3D('',#4836,#3823,#3824);
#3270=AXIS2_PLACEMENT_3D('',#4838,#3826,#3827);
#3271=AXIS2_PLACEMENT_3D('',#4839,#3828,#3829);
#3272=AXIS2_PLACEMENT_3D('',#4841,#3831,#3832);
#3273=AXIS2_PLACEMENT_3D('',#4842,#3833,#3834);
#3274=AXIS2_PLACEMENT_3D('',#4844,#3836,#3837);
#3275=AXIS2_PLACEMENT_3D('',#4845,#3838,#3839);
#3276=AXIS2_PLACEMENT_3D('',#4846,#3840,#3841);
#3277=AXIS2_PLACEMENT_3D('',#4847,#3842,#3843);
#3278=AXIS2_PLACEMENT_3D('',#4848,#3844,#3845);
#3279=AXIS2_PLACEMENT_3D('',#4849,#3846,#3847);
#3280=AXIS2_PLACEMENT_3D('',#4851,#3849,#3850);
#3281=AXIS2_PLACEMENT_3D('',#4856,#3853,#3854);
#3282=AXIS2_PLACEMENT_3D('',#4857,#3855,#3856);
#3283=AXIS2_PLACEMENT_3D('',#4860,#3858,#3859);
#3284=AXIS2_PLACEMENT_3D('',#4864,#3862,#3863);
#3285=AXIS2_PLACEMENT_3D('',#4865,#3864,#3865);
#3286=AXIS2_PLACEMENT_3D('',#4868,#3867,#3868);
#3287=AXIS2_PLACEMENT_3D('',#4869,#3869,#3870);
#3288=AXIS2_PLACEMENT_3D('',#4871,#3871,#3872);
#3289=AXIS2_PLACEMENT_3D('',#4874,#3874,#3875);
#3290=AXIS2_PLACEMENT_3D('',#4875,#3876,#3877);
#3291=AXIS2_PLACEMENT_3D('',#4877,#3879,#3880);
#3292=AXIS2_PLACEMENT_3D('',#4882,#3883,#3884);
#3293=AXIS2_PLACEMENT_3D('',#4884,#3886,#3887);
#3294=AXIS2_PLACEMENT_3D('',#4885,#3888,#3889);
#3295=AXIS2_PLACEMENT_3D('',#4890,#3892,#3893);
#3296=AXIS2_PLACEMENT_3D('',#4891,#3894,#3895);
#3297=AXIS2_PLACEMENT_3D('',#4894,#3897,#3898);
#3298=AXIS2_PLACEMENT_3D('',#4898,#3901,#3902);
#3299=AXIS2_PLACEMENT_3D('',#4899,#3903,#3904);
#3300=AXIS2_PLACEMENT_3D('',#4900,#3905,#3906);
#3301=AXIS2_PLACEMENT_3D('',#4901,#3907,#3908);
#3302=AXIS2_PLACEMENT_3D('',#4903,#3909,#3910);
#3303=AXIS2_PLACEMENT_3D('',#4905,#3912,#3913);
#3304=AXIS2_PLACEMENT_3D('',#4906,#3914,#3915);
#3305=AXIS2_PLACEMENT_3D('',#4907,#3916,#3917);
#3306=AXIS2_PLACEMENT_3D('',#4908,#3918,#3919);
#3307=AXIS2_PLACEMENT_3D('',#4918,#3924,#3925);
#3308=AXIS2_PLACEMENT_3D('',#4927,#3930,#3931);
#3309=AXIS2_PLACEMENT_3D('',#4929,#3933,#3934);
#3310=AXIS2_PLACEMENT_3D('',#4930,#3935,#3936);
#3311=AXIS2_PLACEMENT_3D('',#4939,#3941,#3942);
#3312=AXIS2_PLACEMENT_3D('',#4948,#3947,#3948);
#3313=AXIS2_PLACEMENT_3D('',#4950,#3950,#3951);
#3314=AXIS2_PLACEMENT_3D('',#4951,#3952,#3953);
#3315=AXIS2_PLACEMENT_3D('',#4952,#3954,#3955);
#3316=AXIS2_PLACEMENT_3D('',#4953,#3956,#3957);
#3317=AXIS2_PLACEMENT_3D('',#4954,#3958,#3959);
#3318=AXIS2_PLACEMENT_3D('',#4956,#3960,#3961);
#3319=AXIS2_PLACEMENT_3D('',#4958,#3963,#3964);
#3320=AXIS2_PLACEMENT_3D('',#4959,#3965,#3966);
#3321=AXIS2_PLACEMENT_3D('',#4968,#3971,#3972);
#3322=AXIS2_PLACEMENT_3D('',#4977,#3977,#3978);
#3323=AXIS2_PLACEMENT_3D('',#4979,#3980,#3981);
#3324=AXIS2_PLACEMENT_3D('',#4980,#3982,#3983);
#3325=AXIS2_PLACEMENT_3D('',#4989,#3988,#3989);
#3326=AXIS2_PLACEMENT_3D('',#4995,#3992,#3993);
#3327=AXIS2_PLACEMENT_3D('',#5000,#3996,#3997);
#3328=AXIS2_PLACEMENT_3D('',#5002,#3999,#4000);
#3329=AXIS2_PLACEMENT_3D('',#5003,#4001,#4002);
#3330=AXIS2_PLACEMENT_3D('',#5004,#4003,#4004);
#3331=AXIS2_PLACEMENT_3D('',#5005,#4005,#4006);
#3332=AXIS2_PLACEMENT_3D('',#5006,#4007,#4008);
#3333=AXIS2_PLACEMENT_3D('',#5008,#4009,#4010);
#3334=AXIS2_PLACEMENT_3D('',#5010,#4012,#4013);
#3335=AXIS2_PLACEMENT_3D('',#5011,#4014,#4015);
#3336=AXIS2_PLACEMENT_3D('',#5012,#4016,#4017);
#3337=AXIS2_PLACEMENT_3D('',#5014,#4018,#4019);
#3338=AXIS2_PLACEMENT_3D('',#5015,#4020,#4021);
#3339=AXIS2_PLACEMENT_3D('',#5017,#4022,#4023);
#3340=AXIS2_PLACEMENT_3D('',#5018,#4024,#4025);
#3341=AXIS2_PLACEMENT_3D('',#5020,#4026,#4027);
#3342=AXIS2_PLACEMENT_3D('',#5022,#4028,#4029);
#3343=AXIS2_PLACEMENT_3D('',#5023,#4030,#4031);
#3344=AXIS2_PLACEMENT_3D('',#5025,#4032,#4033);
#3345=AXIS2_PLACEMENT_3D('',#5026,#4034,#4035);
#3346=AXIS2_PLACEMENT_3D('',#5028,#4036,#4037);
#3347=AXIS2_PLACEMENT_3D('',#5029,#4038,#4039);
#3348=AXIS2_PLACEMENT_3D('',#5031,#4040,#4041);
#3349=AXIS2_PLACEMENT_3D('',#5033,#4042,#4043);
#3350=AXIS2_PLACEMENT_3D('',#5034,#4044,#4045);
#3351=AXIS2_PLACEMENT_3D('',#5035,#4046,#4047);
#3352=AXIS2_PLACEMENT_3D('',#5036,#4048,#4049);
#3353=AXIS2_PLACEMENT_3D('',#5037,#4050,#4051);
#3354=AXIS2_PLACEMENT_3D('',#5038,#4052,#4053);
#3355=AXIS2_PLACEMENT_3D('',#5039,#4054,#4055);
#3356=AXIS2_PLACEMENT_3D('',#5040,#4056,#4057);
#3357=AXIS2_PLACEMENT_3D('',#5041,#4058,#4059);
#3358=AXIS2_PLACEMENT_3D('',#5042,#4060,#4061);
#3359=AXIS2_PLACEMENT_3D('',#5043,#4062,#4063);
#3360=AXIS2_PLACEMENT_3D('',#5044,#4064,#4065);
#3361=AXIS2_PLACEMENT_3D('',#5045,#4066,#4067);
#3362=AXIS2_PLACEMENT_3D('',#5046,#4068,#4069);
#3363=AXIS2_PLACEMENT_3D('',#5047,#4070,#4071);
#3364=AXIS2_PLACEMENT_3D('',#5048,#4072,#4073);
#3365=AXIS2_PLACEMENT_3D('',#5049,#4074,#4075);
#3366=AXIS2_PLACEMENT_3D('',#5050,#4076,#4077);
#3367=AXIS2_PLACEMENT_3D('',#5051,#4078,#4079);
#3368=AXIS2_PLACEMENT_3D('',#5052,#4080,#4081);
#3369=AXIS2_PLACEMENT_3D('',#5053,#4082,#4083);
#3370=AXIS2_PLACEMENT_3D('',#5054,#4084,#4085);
#3371=AXIS2_PLACEMENT_3D('',#5055,#4086,#4087);
#3372=AXIS2_PLACEMENT_3D('',#5060,#4088,#4089);
#3373=AXIS2_PLACEMENT_3D('',#5061,#4090,#4091);
#3374=AXIS2_PLACEMENT_3D('',#5062,#4092,#4093);
#3375=AXIS2_PLACEMENT_3D('',#5067,#4094,#4095);
#3376=AXIS2_PLACEMENT_3D('',#5068,#4096,#4097);
#3377=AXIS2_PLACEMENT_3D('',#5069,#4098,#4099);
#3378=AXIS2_PLACEMENT_3D('',#5075,#4103,#4104);
#3379=AXIS2_PLACEMENT_3D('',#5079,#4106,#4107);
#3380=AXIS2_PLACEMENT_3D('',#5083,#4109,#4110);
#3381=AXIS2_PLACEMENT_3D('',#5084,#4111,#4112);
#3382=AXIS2_PLACEMENT_3D('',#5085,#4113,#4114);
#3383=AXIS2_PLACEMENT_3D('',#5091,#4118,#4119);
#3384=AXIS2_PLACEMENT_3D('',#5092,#4120,#4121);
#3385=AXIS2_PLACEMENT_3D('',#5093,#4122,#4123);
#3386=AXIS2_PLACEMENT_3D('',#5099,#4127,#4128);
#3387=AXIS2_PLACEMENT_3D('',#5103,#4130,#4131);
#3388=AXIS2_PLACEMENT_3D('',#5107,#4133,#4134);
#3389=AXIS2_PLACEMENT_3D('',#5111,#4136,#4137);
#3390=AXIS2_PLACEMENT_3D('',#5112,#4138,#4139);
#3391=AXIS2_PLACEMENT_3D('',#5115,#4142,#4143);
#3392=AXIS2_PLACEMENT_3D('',#5116,#4144,#4145);
#3393=AXIS2_PLACEMENT_3D('',#5117,#4146,#4147);
#3394=AXIS2_PLACEMENT_3D('',#5121,#4149,#4150);
#3395=AXIS2_PLACEMENT_3D('',#5125,#4152,#4153);
#3396=AXIS2_PLACEMENT_3D('',#5126,#4154,#4155);
#3397=AXIS2_PLACEMENT_3D('',#5127,#4156,#4157);
#3398=AXIS2_PLACEMENT_3D('',#5128,#4158,#4159);
#3399=AXIS2_PLACEMENT_3D('',#5129,#4160,#4161);
#3400=AXIS2_PLACEMENT_3D('',#5130,#4162,#4163);
#3401=AXIS2_PLACEMENT_3D('',#5131,#4164,#4165);
#3402=AXIS2_PLACEMENT_3D('',#5134,#4167,#4168);
#3403=AXIS2_PLACEMENT_3D('',#5138,#4171,#4172);
#3404=AXIS2_PLACEMENT_3D('',#5139,#4173,#4174);
#3405=AXIS2_PLACEMENT_3D('',#5142,#4176,#4177);
#3406=AXIS2_PLACEMENT_3D('',#5146,#4180,#4181);
#3407=AXIS2_PLACEMENT_3D('',#5147,#4182,#4183);
#3408=AXIS2_PLACEMENT_3D('',#5148,#4184,#4185);
#3409=AXIS2_PLACEMENT_3D('',#5149,#4186,#4187);
#3410=AXIS2_PLACEMENT_3D('',#5154,#4189,#4190);
#3411=AXIS2_PLACEMENT_3D('',#5156,#4191,#4192);
#3412=AXIS2_PLACEMENT_3D('',#5157,#4193,#4194);
#3413=AXIS2_PLACEMENT_3D('',#5163,#4198,#4199);
#3414=AXIS2_PLACEMENT_3D('',#5167,#4201,#4202);
#3415=AXIS2_PLACEMENT_3D('',#5171,#4204,#4205);
#3416=AXIS2_PLACEMENT_3D('',#5172,#4206,#4207);
#3417=AXIS2_PLACEMENT_3D('',#5173,#4208,#4209);
#3418=AXIS2_PLACEMENT_3D('',#5179,#4213,#4214);
#3419=AXIS2_PLACEMENT_3D('',#5180,#4215,#4216);
#3420=AXIS2_PLACEMENT_3D('',#5181,#4217,#4218);
#3421=AXIS2_PLACEMENT_3D('',#5187,#4222,#4223);
#3422=AXIS2_PLACEMENT_3D('',#5191,#4225,#4226);
#3423=AXIS2_PLACEMENT_3D('',#5195,#4228,#4229);
#3424=AXIS2_PLACEMENT_3D('',#5199,#4231,#4232);
#3425=AXIS2_PLACEMENT_3D('',#5200,#4233,#4234);
#3426=AXIS2_PLACEMENT_3D('',#5203,#4237,#4238);
#3427=AXIS2_PLACEMENT_3D('',#5204,#4239,#4240);
#3428=AXIS2_PLACEMENT_3D('',#5205,#4241,#4242);
#3429=AXIS2_PLACEMENT_3D('',#5206,#4243,#4244);
#3430=AXIS2_PLACEMENT_3D('',#5210,#4246,#4247);
#3431=AXIS2_PLACEMENT_3D('',#5214,#4249,#4250);
#3432=AXIS2_PLACEMENT_3D('',#5215,#4251,#4252);
#3433=AXIS2_PLACEMENT_3D('',#5216,#4253,#4254);
#3434=AXIS2_PLACEMENT_3D('',#5217,#4255,#4256);
#3435=AXIS2_PLACEMENT_3D('',#5218,#4257,#4258);
#3436=AXIS2_PLACEMENT_3D('',#5221,#4260,#4261);
#3437=AXIS2_PLACEMENT_3D('',#5222,#4262,#4263);
#3438=AXIS2_PLACEMENT_3D('',#5226,#4266,#4267);
#3439=AXIS2_PLACEMENT_3D('',#5229,#4269,#4270);
#3440=AXIS2_PLACEMENT_3D('',#5230,#4271,#4272);
#3441=AXIS2_PLACEMENT_3D('',#5234,#4275,#4276);
#3442=AXIS2_PLACEMENT_3D('',#5243,#4277,#4278);
#3443=AXIS2_PLACEMENT_3D('',#5247,#4280,#4281);
#3444=AXIS2_PLACEMENT_3D('',#5249,#4282,#4283);
#3445=AXIS2_PLACEMENT_3D('',#5251,#4284,#4285);
#3446=AXIS2_PLACEMENT_3D('',#5252,#4286,#4287);
#3447=AXIS2_PLACEMENT_3D('',#5263,#4288,#4289);
#3448=AXIS2_PLACEMENT_3D('',#5274,#4290,#4291);
#3449=AXIS2_PLACEMENT_3D('',#5280,#4292,#4293);
#3450=AXIS2_PLACEMENT_3D('',#5285,#4294,#4295);
#3451=AXIS2_PLACEMENT_3D('',#5295,#4296,#4297);
#3452=AXIS2_PLACEMENT_3D('',#5301,#4298,#4299);
#3453=AXIS2_PLACEMENT_3D('',#5307,#4300,#4301);
#3454=AXIS2_PLACEMENT_3D('',#5308,#4302,#4303);
#3455=AXIS2_PLACEMENT_3D('',#5319,#4304,#4305);
#3456=AXIS2_PLACEMENT_3D('',#5330,#4306,#4307);
#3457=AXIS2_PLACEMENT_3D('',#5336,#4308,#4309);
#3458=AXIS2_PLACEMENT_3D('',#5341,#4310,#4311);
#3459=AXIS2_PLACEMENT_3D('',#5346,#4312,#4313);
#3460=AXIS2_PLACEMENT_3D('',#5352,#4314,#4315);
#3461=AXIS2_PLACEMENT_3D('',#5353,#4316,#4317);
#3462=AXIS2_PLACEMENT_3D('',#5355,#4319,#4320);
#3463=AXIS2_PLACEMENT_3D('',#5357,#4322,#4323);
#3464=AXIS2_PLACEMENT_3D('',#5359,#4325,#4326);
#3465=AXIS2_PLACEMENT_3D('',#5360,#4327,#4328);
#3466=AXIS2_PLACEMENT_3D('',#5362,#4330,#4331);
#3467=AXIS2_PLACEMENT_3D('',#5364,#4333,#4334);
#3468=AXIS2_PLACEMENT_3D('',#5366,#4336,#4337);
#3469=AXIS2_PLACEMENT_3D('',#5367,#4338,#4339);
#3470=AXIS2_PLACEMENT_3D('',#5370,#4342,#4343);
#3471=AXIS2_PLACEMENT_3D('',#5372,#4345,#4346);
#3472=AXIS2_PLACEMENT_3D('',#5373,#4347,#4348);
#3473=AXIS2_PLACEMENT_3D('',#5374,#4349,#4350);
#3474=AXIS2_PLACEMENT_3D('',#5376,#4352,#4353);
#3475=AXIS2_PLACEMENT_3D('',#5378,#4355,#4356);
#3476=AXIS2_PLACEMENT_3D('',#5380,#4358,#4359);
#3477=AXIS2_PLACEMENT_3D('',#5381,#4360,#4361);
#3478=AXIS2_PLACEMENT_3D('',#5383,#4363,#4364);
#3479=AXIS2_PLACEMENT_3D('',#5387,#4366,#4367);
#3480=AXIS2_PLACEMENT_3D('',#5388,#4368,#4369);
#3481=AXIS2_PLACEMENT_3D('',#5390,#4371,#4372);
#3482=AXIS2_PLACEMENT_3D('',#5394,#4374,#4375);
#3483=AXIS2_PLACEMENT_3D('',#5395,#4376,#4377);
#3484=AXIS2_PLACEMENT_3D('',#5398,#4380,#4381);
#3485=AXIS2_PLACEMENT_3D('',#5399,#4382,#4383);
#3486=AXIS2_PLACEMENT_3D('',#5400,#4384,#4385);
#3487=AXIS2_PLACEMENT_3D('',#5401,#4386,#4387);
#3488=AXIS2_PLACEMENT_3D('',#5409,#4392,#4393);
#3489=AXIS2_PLACEMENT_3D('',#5417,#4398,#4399);
#3490=AXIS2_PLACEMENT_3D('',#5419,#4401,#4402);
#3491=AXIS2_PLACEMENT_3D('',#5421,#4404,#4405);
#3492=AXIS2_PLACEMENT_3D('',#5423,#4407,#4408);
#3493=DIRECTION('',(0.,0.,1.));
#3494=DIRECTION('',(1.,0.,0.));
#3495=DIRECTION('',(-4.33680868994201E-16,1.,0.));
#3496=DIRECTION('',(-1.,-4.33680868994201E-16,0.));
#3497=DIRECTION('',(-1.,-4.33680868994201E-16,0.));
#3498=DIRECTION('',(0.,0.,1.));
#3499=DIRECTION('',(1.,4.33680868994201E-16,0.));
#3500=DIRECTION('',(0.,0.,1.));
#3501=DIRECTION('',(1.,4.33680868994202E-16,0.));
#3502=DIRECTION('',(-4.01235405080674E-32,2.89120579329468E-16,1.));
#3503=DIRECTION('',(-1.,-1.38777878078145E-16,0.));
#3504=DIRECTION('',(0.,0.,-1.));
#3505=DIRECTION('',(1.,4.33680868994201E-16,0.));
#3506=DIRECTION('',(0.,0.,-1.));
#3507=DIRECTION('',(-1.,-1.38777878078145E-16,0.));
#3508=DIRECTION('',(-4.01235405080674E-32,2.89120579329468E-16,1.));
#3509=DIRECTION('',(1.,4.33680868994201E-16,0.));
#3510=DIRECTION('',(0.,0.,1.));
#3511=DIRECTION('',(1.,4.33680868994201E-16,0.));
#3512=DIRECTION('',(0.,0.,1.));
#3513=DIRECTION('',(0.,0.,1.));
#3514=DIRECTION('',(1.,0.,0.));
#3515=DIRECTION('',(-4.33680868994202E-16,1.,0.));
#3516=DIRECTION('',(0.,-1.,0.));
#3517=DIRECTION('',(1.,0.,0.));
#3518=DIRECTION('',(0.,-1.,0.));
#3519=DIRECTION('',(-4.33680868994202E-16,1.,0.));
#3520=DIRECTION('',(-1.,0.,0.));
#3521=DIRECTION('',(-1.,-1.38777878078145E-16,0.));
#3522=DIRECTION('',(1.38777878078145E-16,-1.,0.));
#3523=DIRECTION('',(-1.38777878078145E-16,1.,0.));
#3524=DIRECTION('',(0.,0.,-1.));
#3525=DIRECTION('',(-1.,-1.38777878078145E-16,0.));
#3526=DIRECTION('',(1.38777878078145E-16,-1.,0.));
#3527=DIRECTION('',(-1.38777878078145E-16,1.,0.));
#3528=DIRECTION('',(-1.,-1.38777878078145E-16,0.));
#3529=DIRECTION('',(1.38777878078145E-16,-1.,0.));
#3530=DIRECTION('',(1.00308851270168E-32,-7.22801448323669E-17,-1.));
#3531=DIRECTION('',(-1.38777878078145E-16,1.,0.));
#3532=DIRECTION('',(0.,0.,1.));
#3533=DIRECTION('',(-1.38777878078145E-16,1.,0.));
#3534=DIRECTION('',(1.30408547958359E-16,-0.939692620785908,0.342020143325668));
#3535=DIRECTION('',(1.05134756119806E-15,0.342020143325669,0.939692620785908));
#3536=DIRECTION('',(1.30408547958359E-16,-0.939692620785908,0.342020143325668));
#3537=DIRECTION('',(-4.74648297507192E-17,0.342020143325668,0.939692620785908));
#3538=DIRECTION('',(-1.38777878078145E-16,1.,0.));
#3539=DIRECTION('',(0.,0.,-1.));
#3540=DIRECTION('',(-4.74648297507192E-17,0.342020143325668,0.939692620785908));
#3541=DIRECTION('',(1.30408547958359E-16,-0.939692620785908,0.342020143325668));
#3542=DIRECTION('',(-4.74648297507192E-17,0.342020143325668,0.939692620785908));
#3543=DIRECTION('',(1.30408547958359E-16,-0.939692620785908,0.342020143325668));
#3544=DIRECTION('',(0.,0.,-1.));
#3545=DIRECTION('',(-1.38777878078145E-16,1.,0.));
#3546=DIRECTION('',(-2.00617702540337E-32,1.44560289664734E-16,1.));
#3547=DIRECTION('',(-1.,-1.38777878078145E-16,0.));
#3548=DIRECTION('',(1.38777878078145E-16,-1.,0.));
#3549=DIRECTION('',(1.38777878078145E-16,-1.,0.));
#3550=DIRECTION('',(-1.,-1.38777878078145E-16,0.));
#3551=DIRECTION('',(1.38777878078145E-16,-1.,0.));
#3552=DIRECTION('',(-1.38777878078145E-16,1.,0.));
#3553=DIRECTION('',(0.,0.,-1.));
#3554=DIRECTION('',(0.,0.,-1.));
#3555=DIRECTION('',(0.,0.,-1.));
#3556=DIRECTION('',(0.,0.,-1.));
#3557=DIRECTION('',(0.,0.,-1.));
#3558=DIRECTION('',(-1.,-1.38777878078145E-16,0.));
#3559=DIRECTION('',(1.38777878078145E-16,-1.,0.));
#3560=DIRECTION('',(0.,0.,-1.));
#3561=DIRECTION('',(-1.38777878078145E-16,1.,0.));
#3562=DIRECTION('',(0.,0.,-1.));
#3563=DIRECTION('',(0.,0.,-1.));
#3564=DIRECTION('',(0.,0.,-1.));
#3565=DIRECTION('',(0.,0.,-1.));
#3566=DIRECTION('',(0.,0.,-1.));
#3567=DIRECTION('',(-1.38777878078145E-16,1.,0.));
#3568=DIRECTION('',(-1.,-1.38777878078145E-16,0.));
#3569=DIRECTION('',(1.38777878078145E-16,-1.,0.));
#3570=DIRECTION('',(1.38777878078145E-16,-1.,0.));
#3571=DIRECTION('',(-1.,-1.38777878078145E-16,0.));
#3572=DIRECTION('',(1.38777878078145E-16,-1.,0.));
#3573=DIRECTION('',(-2.00617702540337E-32,1.44560289664734E-16,1.));
#3574=DIRECTION('',(-1.38777878078145E-16,1.,0.));
#3575=DIRECTION('',(0.,0.,-1.));
#3576=DIRECTION('',(1.30408547958359E-16,-0.939692620785908,0.342020143325668));
#3577=DIRECTION('',(-4.74648297507192E-17,0.342020143325668,0.939692620785908));
#3578=DIRECTION('',(1.30408547958359E-16,-0.939692620785908,0.342020143325668));
#3579=DIRECTION('',(-4.74648297507192E-17,0.342020143325668,0.939692620785908));
#3580=DIRECTION('',(0.,0.,-1.));
#3581=DIRECTION('',(-1.38777878078145E-16,1.,0.));
#3582=DIRECTION('',(-4.74648297507192E-17,0.342020143325668,0.939692620785908));
#3583=DIRECTION('',(1.30408547958359E-16,-0.939692620785908,0.342020143325668));
#3584=DIRECTION('',(0.,0.342020143325668,0.939692620785908));
#3585=DIRECTION('',(1.30408547958359E-16,-0.939692620785908,0.342020143325668));
#3586=DIRECTION('',(-1.38777878078145E-16,1.,0.));
#3587=DIRECTION('',(0.,0.,1.));
#3588=DIRECTION('',(-1.38777878078145E-16,1.,0.));
#3589=DIRECTION('',(1.00308851270168E-32,-7.22801448323669E-17,-1.));
#3590=DIRECTION('',(-1.,-1.38777878078145E-16,0.));
#3591=DIRECTION('',(1.38777878078145E-16,-1.,0.));
#3592=DIRECTION('',(-1.38777878078145E-16,1.,0.));
#3593=DIRECTION('',(-1.,-1.38777878078145E-16,0.));
#3594=DIRECTION('',(1.38777878078145E-16,-1.,0.));
#3595=DIRECTION('',(0.,0.,1.));
#3596=DIRECTION('',(1.,0.,0.));
#3597=DIRECTION('',(0.,0.,-1.));
#3598=DIRECTION('',(1.,0.,0.));
#3599=DIRECTION('',(0.,0.,1.));
#3600=DIRECTION('',(1.,0.,0.));
#3601=DIRECTION('',(1.,0.,0.));
#3602=DIRECTION('',(-2.89120579329468E-16,1.,0.));
#3603=DIRECTION('',(1.,0.,0.));
#3604=DIRECTION('',(0.,1.,0.));
#3605=DIRECTION('',(-1.,0.,0.));
#3606=DIRECTION('',(0.,0.,-1.));
#3607=DIRECTION('',(1.,0.,0.));
#3608=DIRECTION('',(0.,-1.,0.));
#3609=DIRECTION('',(0.,0.,-1.));
#3610=DIRECTION('',(1.,0.,0.));
#3611=DIRECTION('',(-1.,0.,0.));
#3612=DIRECTION('',(0.,0.,1.));
#3613=DIRECTION('',(-1.38777878078145E-16,1.,0.));
#3614=DIRECTION('',(0.,0.,1.));
#3615=DIRECTION('',(-1.38777878078145E-16,1.,0.));
#3616=DIRECTION('',(1.,0.,0.));
#3617=DIRECTION('',(0.,0.,1.));
#3618=DIRECTION('',(1.38777878078145E-16,-1.,0.));
#3619=DIRECTION('',(0.,0.,1.));
#3620=DIRECTION('',(-1.38777878078145E-16,1.,0.));
#3621=DIRECTION('',(1.,0.,0.));
#3622=DIRECTION('',(0.,0.,1.));
#3623=DIRECTION('',(1.,0.,0.));
#3624=DIRECTION('',(0.,-1.,0.));
#3625=DIRECTION('',(0.,0.,1.));
#3626=DIRECTION('',(1.,0.,0.));
#3627=DIRECTION('',(0.,0.,1.));
#3628=DIRECTION('',(1.,0.,0.));
#3629=DIRECTION('',(-1.,-1.38777878078145E-16,0.));
#3630=DIRECTION('',(1.,0.,0.));
#3631=DIRECTION('',(0.,1.,0.));
#3632=DIRECTION('',(1.,0.,0.));
#3633=DIRECTION('',(0.,0.,1.));
#3634=DIRECTION('',(1.,0.,0.));
#3635=DIRECTION('',(-2.89120579329468E-16,1.,0.));
#3636=DIRECTION('',(0.,0.,1.));
#3637=DIRECTION('',(1.,0.,0.));
#3638=DIRECTION('',(-1.,-1.38777878078145E-16,0.));
#3639=DIRECTION('',(1.,0.,0.));
#3640=DIRECTION('',(-2.89120579329468E-16,1.,0.));
#3641=DIRECTION('',(0.,0.,1.));
#3642=DIRECTION('',(1.,0.,0.));
#3643=DIRECTION('',(-1.,-1.38777878078145E-16,0.));
#3644=DIRECTION('',(0.,1.,0.));
#3645=DIRECTION('',(1.,0.,0.));
#3646=DIRECTION('',(0.,0.,1.));
#3647=DIRECTION('',(1.,0.,0.));
#3648=DIRECTION('',(0.,0.,1.));
#3649=DIRECTION('',(1.,0.,0.));
#3650=DIRECTION('',(0.,0.,1.));
#3651=DIRECTION('',(1.,0.,0.));
#3652=DIRECTION('',(0.,0.,1.));
#3653=DIRECTION('',(1.,0.,0.));
#3654=DIRECTION('',(0.,0.,1.));
#3655=DIRECTION('',(1.,0.,0.));
#3656=DIRECTION('',(0.,0.,1.));
#3657=DIRECTION('',(1.,0.,0.));
#3658=DIRECTION('',(0.,0.,1.));
#3659=DIRECTION('',(1.,0.,0.));
#3660=DIRECTION('',(0.75,-0.661437827766149,0.));
#3661=DIRECTION('',(0.,0.,1.));
#3662=DIRECTION('',(1.,0.,0.));
#3663=DIRECTION('',(0.,0.,1.));
#3664=DIRECTION('',(1.,0.,0.));
#3665=DIRECTION('',(0.,0.,1.));
#3666=DIRECTION('',(1.,0.,0.));
#3667=DIRECTION('',(0.,0.,1.));
#3668=DIRECTION('',(1.,0.,0.));
#3669=DIRECTION('',(0.75,-0.661437827766149,0.));
#3670=DIRECTION('',(0.,0.,1.));
#3671=DIRECTION('',(1.,0.,0.));
#3672=DIRECTION('',(0.,0.,1.));
#3673=DIRECTION('',(1.,0.,0.));
#3674=DIRECTION('',(0.,0.,1.));
#3675=DIRECTION('',(1.,0.,0.));
#3676=DIRECTION('',(0.,0.,1.));
#3677=DIRECTION('',(1.,0.,0.));
#3678=DIRECTION('',(0.,0.,1.));
#3679=DIRECTION('',(1.,0.,0.));
#3680=DIRECTION('',(0.,0.,1.));
#3681=DIRECTION('',(1.,0.,0.));
#3682=DIRECTION('',(0.,0.,1.));
#3683=DIRECTION('',(1.,0.,0.));
#3684=DIRECTION('',(0.,1.,0.));
#3685=DIRECTION('',(0.,0.,1.));
#3686=DIRECTION('',(1.,0.,0.));
#3687=DIRECTION('',(0.,0.,-1.));
#3688=DIRECTION('',(1.,0.,0.));
#3689=DIRECTION('',(1.,0.,0.));
#3690=DIRECTION('',(-1.43365576527009E-16,0.,1.));
#3691=DIRECTION('',(0.,1.,0.));
#3692=DIRECTION('',(0.,0.,1.));
#3693=DIRECTION('',(-1.,0.,-1.27553196763E-16));
#3694=DIRECTION('',(0.,1.,0.));
#3695=DIRECTION('',(0.,0.,1.));
#3696=DIRECTION('',(-1.43365576527009E-16,0.,1.));
#3697=DIRECTION('',(1.,0.,0.));
#3698=DIRECTION('',(0.,0.,-1.));
#3699=DIRECTION('',(1.,0.,0.));
#3700=DIRECTION('',(1.,0.,0.));
#3701=DIRECTION('',(0.,0.,-1.));
#3702=DIRECTION('',(1.,0.,0.));
#3703=DIRECTION('',(1.,0.,0.));
#3704=DIRECTION('',(0.,0.,1.));
#3705=DIRECTION('',(0.,0.,1.));
#3706=DIRECTION('',(1.,0.,0.));
#3707=DIRECTION('',(1.,0.,0.));
#3708=DIRECTION('',(0.,0.,-1.));
#3709=DIRECTION('',(1.,0.,0.));
#3710=DIRECTION('',(-1.,0.,0.));
#3711=DIRECTION('',(0.,0.,1.));
#3712=DIRECTION('',(0.,0.,1.));
#3713=DIRECTION('',(0.,1.,0.));
#3714=DIRECTION('',(0.,1.,0.));
#3715=DIRECTION('',(0.,0.,1.));
#3716=DIRECTION('',(0.,1.44560289664734E-16,1.));
#3717=DIRECTION('',(-1.,0.,0.));
#3718=DIRECTION('',(0.,0.,1.));
#3719=DIRECTION('',(0.,-1.,0.));
#3720=DIRECTION('',(-1.,0.,0.));
#3721=DIRECTION('',(0.,0.,1.));
#3722=DIRECTION('',(0.,1.,0.));
#3723=DIRECTION('',(0.,0.,-1.));
#3724=DIRECTION('',(0.,1.,0.));
#3725=DIRECTION('',(0.,0.,-1.));
#3726=DIRECTION('',(-1.,0.,0.));
#3727=DIRECTION('',(0.,0.,1.));
#3728=DIRECTION('',(0.,1.,0.));
#3729=DIRECTION('',(-1.,0.,0.));
#3730=DIRECTION('',(0.,0.,1.));
#3731=DIRECTION('',(0.,-7.22801448323669E-17,-1.));
#3732=DIRECTION('',(0.,0.,-1.));
#3733=DIRECTION('',(0.,1.,0.));
#3734=DIRECTION('',(0.,1.,0.));
#3735=DIRECTION('',(0.,0.,1.));
#3736=DIRECTION('',(0.,0.,-1.));
#3737=DIRECTION('',(1.,0.,0.));
#3738=DIRECTION('',(0.,1.,0.));
#3739=DIRECTION('',(0.,0.,1.));
#3740=DIRECTION('',(-1.43365576527009E-16,0.,1.));
#3741=DIRECTION('',(1.,0.,0.));
#3742=DIRECTION('',(0.,0.,1.));
#3743=DIRECTION('',(1.,0.,0.));
#3744=DIRECTION('',(-1.,-1.38777878078145E-16,0.));
#3745=DIRECTION('',(0.,0.,1.));
#3746=DIRECTION('',(1.,0.,0.));
#3747=DIRECTION('',(0.,1.,0.));
#3748=DIRECTION('',(0.,0.,-1.));
#3749=DIRECTION('',(-1.,0.,0.));
#3750=DIRECTION('',(0.,0.,1.));
#3751=DIRECTION('',(1.,0.,0.));
#3752=DIRECTION('',(0.,1.,0.));
#3753=DIRECTION('',(0.,0.,1.));
#3754=DIRECTION('',(0.,1.,0.));
#3755=DIRECTION('',(0.,0.,1.));
#3756=DIRECTION('',(1.,0.,0.));
#3757=DIRECTION('',(0.,0.,-1.));
#3758=DIRECTION('',(-1.43365576527009E-16,0.,1.));
#3759=DIRECTION('',(0.,0.,-1.));
#3760=DIRECTION('',(-1.,0.,0.));
#3761=DIRECTION('',(0.,0.,1.));
#3762=DIRECTION('',(1.,0.,0.));
#3763=DIRECTION('',(0.,0.,-1.));
#3764=DIRECTION('',(-1.,-2.89120579329468E-16,0.));
#3765=DIRECTION('',(2.89120579329468E-16,-1.,0.));
#3766=DIRECTION('',(-2.89120579329468E-16,1.,0.));
#3767=DIRECTION('',(-2.89120579329468E-16,1.,0.));
#3768=DIRECTION('',(0.,0.,1.));
#3769=DIRECTION('',(0.,1.,0.));
#3770=DIRECTION('',(0.,0.,-1.));
#3771=DIRECTION('',(2.08976773479518E-32,-7.22801448323669E-17,-1.));
#3772=DIRECTION('',(-1.,-2.89120579329468E-16,0.));
#3773=DIRECTION('',(2.89120579329468E-16,-1.,0.));
#3774=DIRECTION('',(-2.89120579329468E-16,1.,0.));
#3775=DIRECTION('',(-1.,-2.89120579329468E-16,0.));
#3776=DIRECTION('',(2.89120579329468E-16,-1.,0.));
#3777=DIRECTION('',(0.,0.,-1.));
#3778=DIRECTION('',(0.,1.,0.));
#3779=DIRECTION('',(-1.,-2.89120579329468E-16,0.));
#3780=DIRECTION('',(2.89120579329468E-16,-1.,0.));
#3781=DIRECTION('',(2.89120579329468E-16,-1.,0.));
#3782=DIRECTION('',(-1.,-2.89120579329468E-16,0.));
#3783=DIRECTION('',(2.89120579329468E-16,-1.,0.));
#3784=DIRECTION('',(-4.17953546959035E-32,1.44560289664734E-16,1.));
#3785=DIRECTION('',(0.,0.,1.));
#3786=DIRECTION('',(0.,1.,0.));
#3787=DIRECTION('',(0.,0.,1.));
#3788=DIRECTION('',(0.,1.,0.));
#3789=DIRECTION('',(-5.05110167950687E-17,0.,1.));
#3790=DIRECTION('',(0.,1.,0.));
#3791=DIRECTION('',(3.81289086339529E-16,0.,1.));
#3792=DIRECTION('',(0.,1.,0.));
#3793=DIRECTION('',(0.,0.,1.));
#3794=DIRECTION('',(1.,0.,0.));
#3795=DIRECTION('',(0.,1.,0.));
#3796=DIRECTION('',(0.,0.,1.));
#3797=DIRECTION('',(0.,1.,0.));
#3798=DIRECTION('',(3.81289086339529E-16,0.,1.));
#3799=DIRECTION('',(0.,1.,0.));
#3800=DIRECTION('',(5.05110167950688E-17,0.,-1.));
#3801=DIRECTION('',(0.,1.,0.));
#3802=DIRECTION('',(0.,0.,1.));
#3803=DIRECTION('',(1.,0.,0.));
#3804=DIRECTION('',(1.,0.,0.));
#3805=DIRECTION('',(0.,1.,0.));
#3806=DIRECTION('',(0.,0.,1.));
#3807=DIRECTION('',(1.,0.,0.));
#3808=DIRECTION('',(0.,1.,0.));
#3809=DIRECTION('',(0.,0.,1.));
#3810=DIRECTION('',(0.,0.,1.));
#3811=DIRECTION('',(1.,0.,0.));
#3812=DIRECTION('',(-2.89120579329468E-16,1.,0.));
#3813=DIRECTION('',(0.,1.,0.));
#3814=DIRECTION('',(-1.,0.,-1.43365576527009E-16));
#3815=DIRECTION('',(-1.43365576527009E-16,0.,1.));
#3816=DIRECTION('',(0.,1.,0.));
#3817=DIRECTION('',(0.,1.,0.));
#3818=DIRECTION('',(0.,0.,1.));
#3819=DIRECTION('',(0.,1.,0.));
#3820=DIRECTION('',(1.27553196763E-16,0.,-1.));
#3821=DIRECTION('',(-1.,0.,-1.27553196763E-16));
#3822=DIRECTION('',(0.,1.,0.));
#3823=DIRECTION('',(0.,1.,0.));
#3824=DIRECTION('',(0.,0.,1.));
#3825=DIRECTION('',(0.,1.,0.));
#3826=DIRECTION('',(-1.,0.,-1.43365576527009E-16));
#3827=DIRECTION('',(-1.43365576527009E-16,0.,1.));
#3828=DIRECTION('',(-1.,0.,0.));
#3829=DIRECTION('',(0.,0.,1.));
#3830=DIRECTION('',(0.,-1.,0.));
#3831=DIRECTION('',(0.,0.,1.));
#3832=DIRECTION('',(1.,0.,0.));
#3833=DIRECTION('',(-1.,0.,0.));
#3834=DIRECTION('',(0.,0.,1.));
#3835=DIRECTION('',(0.,-1.,0.));
#3836=DIRECTION('',(0.,0.,1.));
#3837=DIRECTION('',(1.,0.,0.));
#3838=DIRECTION('',(-2.89120579329468E-16,1.,0.));
#3839=DIRECTION('',(-1.,-2.89120579329468E-16,0.));
#3840=DIRECTION('',(0.,1.,0.));
#3841=DIRECTION('',(0.,0.,1.));
#3842=DIRECTION('',(0.,-1.,0.));
#3843=DIRECTION('',(0.,0.,-1.));
#3844=DIRECTION('',(0.,1.,0.));
#3845=DIRECTION('',(0.,0.,1.));
#3846=DIRECTION('',(0.,1.,0.));
#3847=DIRECTION('',(0.,0.,1.));
#3848=DIRECTION('',(-1.,-1.38777878078145E-16,0.));
#3849=DIRECTION('',(0.,1.,0.));
#3850=DIRECTION('',(0.,0.,1.));
#3851=DIRECTION('',(-1.,0.,0.));
#3852=DIRECTION('',(0.,0.,1.));
#3853=DIRECTION('',(0.,0.,1.));
#3854=DIRECTION('',(1.,0.,0.));
#3855=DIRECTION('',(0.,0.,-1.));
#3856=DIRECTION('',(1.,0.,0.));
#3857=DIRECTION('',(0.,0.,1.));
#3858=DIRECTION('',(-1.,0.,0.));
#3859=DIRECTION('',(0.,0.,1.));
#3860=DIRECTION('',(0.,-1.,0.));
#3861=DIRECTION('',(0.,0.,1.));
#3862=DIRECTION('',(0.,0.,1.));
#3863=DIRECTION('',(1.,0.,0.));
#3864=DIRECTION('',(0.,0.,-1.));
#3865=DIRECTION('',(1.,0.,0.));
#3866=DIRECTION('',(0.,0.,1.));
#3867=DIRECTION('',(0.,0.,1.));
#3868=DIRECTION('',(1.,0.,0.));
#3869=DIRECTION('',(0.,0.,-1.));
#3870=DIRECTION('',(1.,0.,0.));
#3871=DIRECTION('',(0.,1.,0.));
#3872=DIRECTION('',(0.,0.,1.));
#3873=DIRECTION('',(-1.,0.,0.));
#3874=DIRECTION('',(0.,1.,0.));
#3875=DIRECTION('',(0.,0.,1.));
#3876=DIRECTION('',(0.,0.,1.));
#3877=DIRECTION('',(1.,0.,0.));
#3878=DIRECTION('',(-1.38777878078145E-16,1.,0.));
#3879=DIRECTION('',(0.,-1.,0.));
#3880=DIRECTION('',(0.,0.,-1.));
#3881=DIRECTION('',(0.,0.,1.));
#3882=DIRECTION('',(1.,0.,0.));
#3883=DIRECTION('',(0.,-1.,0.));
#3884=DIRECTION('',(0.,0.,-1.));
#3885=DIRECTION('',(-1.,-1.38777878078145E-16,0.));
#3886=DIRECTION('',(0.,-1.,0.));
#3887=DIRECTION('',(0.,0.,-1.));
#3888=DIRECTION('',(0.,-1.,0.));
#3889=DIRECTION('',(0.,0.,-1.));
#3890=DIRECTION('',(1.,0.,0.));
#3891=DIRECTION('',(0.,0.,1.));
#3892=DIRECTION('',(0.,0.,1.));
#3893=DIRECTION('',(1.,0.,0.));
#3894=DIRECTION('',(0.,0.,1.));
#3895=DIRECTION('',(1.,0.,0.));
#3896=DIRECTION('',(0.,0.,1.));
#3897=DIRECTION('',(-1.,0.,0.));
#3898=DIRECTION('',(0.,0.,1.));
#3899=DIRECTION('',(0.,-1.,0.));
#3900=DIRECTION('',(0.,0.,1.));
#3901=DIRECTION('',(0.,0.,1.));
#3902=DIRECTION('',(1.,0.,0.));
#3903=DIRECTION('',(0.,0.,1.));
#3904=DIRECTION('',(1.,0.,0.));
#3905=DIRECTION('',(0.,0.,1.));
#3906=DIRECTION('',(1.,0.,0.));
#3907=DIRECTION('',(0.,0.,1.));
#3908=DIRECTION('',(1.,0.,0.));
#3909=DIRECTION('',(0.,0.,1.));
#3910=DIRECTION('',(1.,0.,0.));
#3911=DIRECTION('',(-1.38777878078145E-16,1.,0.));
#3912=DIRECTION('',(1.38777878078145E-16,-1.,0.));
#3913=DIRECTION('',(1.,1.38777878078145E-16,0.));
#3914=DIRECTION('',(-1.38777878078145E-16,1.,0.));
#3915=DIRECTION('',(-1.,-1.38777878078145E-16,0.));
#3916=DIRECTION('',(-1.04149299211972E-16,0.342020143325668,0.939692620785908));
#3917=DIRECTION('',(0.,-0.939692620785908,0.342020143325668));
#3918=DIRECTION('',(-1.04149299211972E-16,0.342020143325668,0.939692620785908));
#3919=DIRECTION('',(0.,-0.939692620785908,0.342020143325668));
#3920=DIRECTION('',(1.30408547958359E-16,-0.939692620785908,0.342020143325668));
#3921=DIRECTION('',(-1.,-3.56211582437466E-17,-9.78683279295137E-17));
#3922=DIRECTION('',(0.,-0.939692620785908,0.342020143325668));
#3923=DIRECTION('',(-1.,-3.56211582437466E-17,-9.78683279295137E-17));
#3924=DIRECTION('',(-1.1576248359622E-16,0.342020143325668,0.939692620785908));
#3925=DIRECTION('',(0.,-0.939692620785908,0.342020143325668));
#3926=DIRECTION('',(-1.,-3.95931012313146E-17,-1.08781151599218E-16));
#3927=DIRECTION('',(1.30408547958359E-16,-0.939692620785908,0.342020143325668));
#3928=DIRECTION('',(-1.,-3.95931012313146E-17,-1.08781151599218E-16));
#3929=DIRECTION('',(0.,-0.939692620785908,0.342020143325668));
#3930=DIRECTION('',(0.,0.939692620785908,-0.342020143325668));
#3931=DIRECTION('',(-1.,0.,0.));
#3932=DIRECTION('',(-4.74648297507192E-17,0.342020143325668,0.939692620785908));
#3933=DIRECTION('',(0.,-0.939692620785908,0.342020143325668));
#3934=DIRECTION('',(0.,0.342020143325668,0.939692620785908));
#3935=DIRECTION('',(-1.32170825633472E-16,0.342020143325668,0.939692620785908));
#3936=DIRECTION('',(0.,-0.939692620785908,0.342020143325668));
#3937=DIRECTION('',(-1.,-4.5205084726632E-17,-1.24199949530954E-16));
#3938=DIRECTION('',(1.30408547958359E-16,-0.939692620785908,0.342020143325668));
#3939=DIRECTION('',(-1.,-4.5205084726632E-17,-1.24199949530954E-16));
#3940=DIRECTION('',(0.,-0.939692620785908,0.342020143325668));
#3941=DIRECTION('',(-9.79390365565699E-17,0.342020143325668,0.939692620785908));
#3942=DIRECTION('',(0.,-0.939692620785908,0.342020143325668));
#3943=DIRECTION('',(-1.,-3.3497123320256E-17,-9.20325899390901E-17));
#3944=DIRECTION('',(1.30408547958359E-16,-0.939692620785908,0.342020143325668));
#3945=DIRECTION('',(-1.,-3.3497123320256E-17,-9.20325899390901E-17));
#3946=DIRECTION('',(0.,-0.939692620785908,0.342020143325668));
#3947=DIRECTION('',(0.,0.939692620785908,-0.342020143325668));
#3948=DIRECTION('',(-1.,0.,0.));
#3949=DIRECTION('',(-4.74648297507192E-17,0.342020143325668,0.939692620785908));
#3950=DIRECTION('',(0.,-0.939692620785908,0.342020143325668));
#3951=DIRECTION('',(0.,0.342020143325668,0.939692620785908));
#3952=DIRECTION('',(0.,0.939692620785908,-0.342020143325668));
#3953=DIRECTION('',(0.,0.342020143325668,0.939692620785908));
#3954=DIRECTION('',(0.,0.939692620785908,-0.342020143325668));
#3955=DIRECTION('',(0.,0.342020143325668,0.939692620785908));
#3956=DIRECTION('',(0.,-0.939692620785908,0.342020143325668));
#3957=DIRECTION('',(0.,0.342020143325668,0.939692620785908));
#3958=DIRECTION('',(0.,-0.939692620785908,0.342020143325668));
#3959=DIRECTION('',(0.,0.342020143325668,0.939692620785908));
#3960=DIRECTION('',(0.,0.939692620785908,-0.342020143325668));
#3961=DIRECTION('',(-1.,0.,0.));
#3962=DIRECTION('',(-4.74648297507192E-17,0.342020143325668,0.939692620785908));
#3963=DIRECTION('',(0.,-0.939692620785908,0.342020143325668));
#3964=DIRECTION('',(0.,0.342020143325668,0.939692620785908));
#3965=DIRECTION('',(-1.48206241089796E-16,-0.342020143325668,-0.939692620785908));
#3966=DIRECTION('',(0.,0.939692620785908,-0.342020143325668));
#3967=DIRECTION('',(1.,-5.06895198192906E-17,-1.39268311106498E-16));
#3968=DIRECTION('',(1.30408547958359E-16,-0.939692620785908,0.342020143325668));
#3969=DIRECTION('',(1.,-5.06895198192906E-17,-1.39268311106498E-16));
#3970=DIRECTION('',(0.,-0.939692620785908,0.342020143325668));
#3971=DIRECTION('',(-9.79390365565699E-17,-0.342020143325668,-0.939692620785908));
#3972=DIRECTION('',(0.,0.939692620785908,-0.342020143325668));
#3973=DIRECTION('',(1.,-3.3497123320256E-17,-9.20325899390901E-17));
#3974=DIRECTION('',(1.30408547958359E-16,-0.939692620785908,0.342020143325668));
#3975=DIRECTION('',(1.,-3.3497123320256E-17,-9.20325899390901E-17));
#3976=DIRECTION('',(0.,-0.939692620785908,0.342020143325668));
#3977=DIRECTION('',(0.,0.939692620785908,-0.342020143325668));
#3978=DIRECTION('',(-1.,0.,0.));
#3979=DIRECTION('',(-4.74648297507192E-17,0.342020143325668,0.939692620785908));
#3980=DIRECTION('',(0.,0.939692620785908,-0.342020143325668));
#3981=DIRECTION('',(0.,0.342020143325668,0.939692620785908));
#3982=DIRECTION('',(-1.1576248359622E-16,-0.342020143325668,-0.939692620785908));
#3983=DIRECTION('',(0.,0.939692620785908,-0.342020143325668));
#3984=DIRECTION('',(1.,-3.95931012313146E-17,-1.08781151599218E-16));
#3985=DIRECTION('',(1.30408547958359E-16,-0.939692620785908,0.342020143325668));
#3986=DIRECTION('',(1.,-3.95931012313146E-17,-1.08781151599218E-16));
#3987=DIRECTION('',(0.,-0.939692620785908,0.342020143325668));
#3988=DIRECTION('',(-1.04149299211972E-16,-0.342020143325668,-0.939692620785908));
#3989=DIRECTION('',(0.,0.939692620785908,-0.342020143325668));
#3990=DIRECTION('',(1.,-3.56211582437466E-17,-9.78683279295137E-17));
#3991=DIRECTION('',(1.30408547958359E-16,-0.939692620785908,0.342020143325668));
#3992=DIRECTION('',(-1.04149299211972E-16,-0.342020143325668,-0.939692620785908));
#3993=DIRECTION('',(0.,0.939692620785908,-0.342020143325668));
#3994=DIRECTION('',(1.,-3.56211582437466E-17,-9.78683279295137E-17));
#3995=DIRECTION('',(0.,-0.939692620785908,0.342020143325668));
#3996=DIRECTION('',(0.,0.939692620785908,-0.342020143325668));
#3997=DIRECTION('',(-1.,0.,0.));
#3998=DIRECTION('',(-4.74648297507192E-17,0.342020143325668,0.939692620785908));
#3999=DIRECTION('',(0.,0.939692620785908,-0.342020143325668));
#4000=DIRECTION('',(0.,0.342020143325668,0.939692620785908));
#4001=DIRECTION('',(0.,0.939692620785908,-0.342020143325668));
#4002=DIRECTION('',(0.,0.342020143325668,0.939692620785908));
#4003=DIRECTION('',(0.,0.939692620785908,-0.342020143325668));
#4004=DIRECTION('',(0.,0.342020143325668,0.939692620785908));
#4005=DIRECTION('',(0.,0.939692620785908,-0.342020143325668));
#4006=DIRECTION('',(0.,0.342020143325668,0.939692620785908));
#4007=DIRECTION('',(0.,0.939692620785908,-0.342020143325668));
#4008=DIRECTION('',(0.,0.342020143325668,0.939692620785908));
#4009=DIRECTION('',(0.,0.939692620785908,-0.342020143325668));
#4010=DIRECTION('',(-1.,0.,0.));
#4011=DIRECTION('',(-4.74648297507192E-17,0.342020143325668,0.939692620785908));
#4012=DIRECTION('',(0.,0.939692620785908,-0.342020143325668));
#4013=DIRECTION('',(0.,0.342020143325668,0.939692620785908));
#4014=DIRECTION('',(0.,-0.939692620785908,0.342020143325668));
#4015=DIRECTION('',(0.,-0.342020143325668,-0.939692620785908));
#4016=DIRECTION('',(0.,0.939692620785908,-0.342020143325668));
#4017=DIRECTION('',(0.,0.342020143325668,0.939692620785908));
#4018=DIRECTION('',(0.,-0.939692620785908,0.342020143325668));
#4019=DIRECTION('',(0.,-0.342020143325668,-0.939692620785908));
#4020=DIRECTION('',(0.,0.939692620785908,-0.342020143325668));
#4021=DIRECTION('',(0.,0.342020143325668,0.939692620785908));
#4022=DIRECTION('',(0.,0.939692620785908,-0.342020143325668));
#4023=DIRECTION('',(-1.,0.,0.));
#4024=DIRECTION('',(0.,0.939692620785908,-0.342020143325668));
#4025=DIRECTION('',(0.,0.342020143325668,0.939692620785908));
#4026=DIRECTION('',(0.,0.939692620785908,-0.342020143325668));
#4027=DIRECTION('',(0.,0.342020143325668,0.939692620785908));
#4028=DIRECTION('',(0.,-0.939692620785908,0.342020143325668));
#4029=DIRECTION('',(0.,-0.342020143325668,-0.939692620785908));
#4030=DIRECTION('',(0.,0.939692620785908,-0.342020143325668));
#4031=DIRECTION('',(0.,0.342020143325668,0.939692620785908));
#4032=DIRECTION('',(0.,-0.939692620785908,0.342020143325668));
#4033=DIRECTION('',(0.,-0.342020143325668,-0.939692620785908));
#4034=DIRECTION('',(0.,0.939692620785908,-0.342020143325668));
#4035=DIRECTION('',(0.,0.342020143325668,0.939692620785908));
#4036=DIRECTION('',(0.,0.939692620785908,-0.342020143325668));
#4037=DIRECTION('',(-1.,0.,0.));
#4038=DIRECTION('',(0.,0.939692620785908,-0.342020143325668));
#4039=DIRECTION('',(0.,0.342020143325668,0.939692620785908));
#4040=DIRECTION('',(0.,0.939692620785908,-0.342020143325668));
#4041=DIRECTION('',(0.,0.342020143325668,0.939692620785908));
#4042=DIRECTION('',(0.,0.939692620785908,-0.342020143325668));
#4043=DIRECTION('',(0.,0.342020143325668,0.939692620785908));
#4044=DIRECTION('',(0.,0.939692620785908,-0.342020143325668));
#4045=DIRECTION('',(0.,0.342020143325668,0.939692620785908));
#4046=DIRECTION('',(0.,0.939692620785908,-0.342020143325668));
#4047=DIRECTION('',(0.,0.342020143325668,0.939692620785908));
#4048=DIRECTION('',(0.,0.939692620785908,-0.342020143325668));
#4049=DIRECTION('',(0.,0.342020143325668,0.939692620785908));
#4050=DIRECTION('',(-4.74648297507192E-17,0.342020143325668,0.939692620785908));
#4051=DIRECTION('',(0.,-0.939692620785908,0.342020143325668));
#4052=DIRECTION('',(5.86500656014482E-17,-0.422618261740699,0.90630778703665));
#4053=DIRECTION('',(-1.25775471570645E-16,0.90630778703665,0.422618261740699));
#4054=DIRECTION('',(1.25775471570645E-16,-0.90630778703665,-0.422618261740699));
#4055=DIRECTION('',(5.86500656014482E-17,-0.422618261740699,0.90630778703665));
#4056=DIRECTION('',(1.30408547958359E-16,-0.939692620785908,0.342020143325668));
#4057=DIRECTION('',(0.,-0.342020143325668,-0.939692620785908));
#4058=DIRECTION('',(-5.86500656014482E-17,0.422618261740699,-0.90630778703665));
#4059=DIRECTION('',(1.25775471570645E-16,-0.90630778703665,-0.422618261740699));
#4060=DIRECTION('',(-1.30408547958359E-16,0.939692620785908,-0.342020143325668));
#4061=DIRECTION('',(0.,0.342020143325668,0.939692620785908));
#4062=DIRECTION('',(-1.25775471570645E-16,0.90630778703665,0.422618261740699));
#4063=DIRECTION('',(-5.86500656014482E-17,0.422618261740699,-0.90630778703665));
#4064=DIRECTION('',(4.74648297507192E-17,-0.342020143325668,-0.939692620785908));
#4065=DIRECTION('',(0.,0.939692620785908,-0.342020143325668));
#4066=DIRECTION('',(4.74648297507192E-17,-0.342020143325668,-0.939692620785908));
#4067=DIRECTION('',(0.,0.939692620785908,-0.342020143325668));
#4068=DIRECTION('',(-5.86500656014482E-17,0.422618261740699,-0.90630778703665));
#4069=DIRECTION('',(-1.25775471570645E-16,0.90630778703665,0.422618261740699));
#4070=DIRECTION('',(1.25775471570645E-16,-0.90630778703665,-0.422618261740699));
#4071=DIRECTION('',(5.86500656014482E-17,-0.422618261740699,0.90630778703665));
#4072=DIRECTION('',(1.30408547958359E-16,-0.939692620785908,0.342020143325668));
#4073=DIRECTION('',(0.,-0.342020143325668,-0.939692620785908));
#4074=DIRECTION('',(5.86500656014482E-17,-0.422618261740699,0.90630778703665));
#4075=DIRECTION('',(-1.25775471570645E-16,0.90630778703665,0.422618261740699));
#4076=DIRECTION('',(-1.30408547958359E-16,0.939692620785908,-0.342020143325668));
#4077=DIRECTION('',(0.,0.342020143325668,0.939692620785908));
#4078=DIRECTION('',(-1.25775471570645E-16,0.90630778703665,0.422618261740699));
#4079=DIRECTION('',(-5.86500656014482E-17,0.422618261740699,-0.90630778703665));
#4080=DIRECTION('',(-4.74648297507192E-17,0.342020143325668,0.939692620785908));
#4081=DIRECTION('',(0.,-0.939692620785908,0.342020143325668));
#4082=DIRECTION('',(1.30408547958359E-16,-0.939692620785908,0.342020143325668));
#4083=DIRECTION('',(0.,-0.342020143325668,-0.939692620785908));
#4084=DIRECTION('',(5.86500656014482E-17,-0.422618261740699,0.90630778703665));
#4085=DIRECTION('',(1.25775471570645E-16,-0.90630778703665,-0.422618261740699));
#4086=DIRECTION('',(-4.74648297507192E-17,0.342020143325668,0.939692620785908));
#4087=DIRECTION('',(0.,-0.939692620785908,0.342020143325668));
#4088=DIRECTION('',(1.30408547958359E-16,-0.939692620785908,0.342020143325668));
#4089=DIRECTION('',(0.,-0.342020143325668,-0.939692620785908));
#4090=DIRECTION('',(5.86500656014482E-17,-0.422618261740699,0.90630778703665));
#4091=DIRECTION('',(1.25775471570645E-16,-0.90630778703665,-0.422618261740699));
#4092=DIRECTION('',(4.74648297507192E-17,-0.342020143325668,-0.939692620785908));
#4093=DIRECTION('',(0.,0.939692620785908,-0.342020143325668));
#4094=DIRECTION('',(-1.30408547958359E-16,0.939692620785908,-0.342020143325668));
#4095=DIRECTION('',(0.,0.342020143325668,0.939692620785908));
#4096=DIRECTION('',(-1.30408547958359E-16,0.939692620785908,-0.342020143325668));
#4097=DIRECTION('',(0.,0.342020143325668,0.939692620785908));
#4098=DIRECTION('',(0.95679171826184,0.290774152677908,0.));
#4099=DIRECTION('',(-0.290774152677908,0.95679171826184,0.));
#4100=DIRECTION('',(0.290774152677908,-0.95679171826184,0.));
#4101=DIRECTION('',(0.,0.,-1.));
#4102=DIRECTION('',(0.290774152677908,-0.95679171826184,0.));
#4103=DIRECTION('',(0.,0.,-1.));
#4104=DIRECTION('',(-1.,0.,0.));
#4105=DIRECTION('',(0.,0.,-1.));
#4106=DIRECTION('',(0.,0.,1.));
#4107=DIRECTION('',(1.,0.,0.));
#4108=DIRECTION('',(0.,0.,-1.));
#4109=DIRECTION('',(0.,0.,1.));
#4110=DIRECTION('',(1.,0.,0.));
#4111=DIRECTION('',(0.,0.,1.));
#4112=DIRECTION('',(1.,0.,0.));
#4113=DIRECTION('',(0.95679171826184,0.290774152677908,0.));
#4114=DIRECTION('',(-0.290774152677908,0.95679171826184,0.));
#4115=DIRECTION('',(0.290774152677908,-0.956791718261841,0.));
#4116=DIRECTION('',(0.290774152677908,-0.956791718261841,0.));
#4117=DIRECTION('',(0.,0.,-1.));
#4118=DIRECTION('',(0.,0.,1.));
#4119=DIRECTION('',(1.,0.,0.));
#4120=DIRECTION('',(0.,0.,1.));
#4121=DIRECTION('',(1.,0.,0.));
#4122=DIRECTION('',(0.95679171826184,-0.290774152677908,0.));
#4123=DIRECTION('',(0.290774152677908,0.95679171826184,0.));
#4124=DIRECTION('',(-0.290774152677908,-0.956791718261841,0.));
#4125=DIRECTION('',(0.,0.,-1.));
#4126=DIRECTION('',(-0.290774152677908,-0.956791718261841,0.));
#4127=DIRECTION('',(0.,0.,-1.));
#4128=DIRECTION('',(-1.,0.,0.));
#4129=DIRECTION('',(0.,0.,-1.));
#4130=DIRECTION('',(0.,0.,1.));
#4131=DIRECTION('',(1.,0.,0.));
#4132=DIRECTION('',(0.,0.,-1.));
#4133=DIRECTION('',(0.,0.,-1.));
#4134=DIRECTION('',(1.,0.,0.));
#4135=DIRECTION('',(0.,0.,-1.));
#4136=DIRECTION('',(0.,0.,-1.));
#4137=DIRECTION('',(1.,0.,0.));
#4138=DIRECTION('',(0.95679171826184,-0.290774152677908,0.));
#4139=DIRECTION('',(0.290774152677908,0.956791718261841,0.));
#4140=DIRECTION('',(-0.290774152677908,-0.956791718261841,0.));
#4141=DIRECTION('',(-0.290774152677908,-0.956791718261841,0.));
#4142=DIRECTION('',(0.,0.,1.));
#4143=DIRECTION('',(1.,0.,0.));
#4144=DIRECTION('',(0.,0.,1.));
#4145=DIRECTION('',(1.,0.,0.));
#4146=DIRECTION('',(0.,0.,1.));
#4147=DIRECTION('',(1.,0.,0.));
#4148=DIRECTION('',(0.75,0.661437827766148,0.));
#4149=DIRECTION('',(0.,0.,1.));
#4150=DIRECTION('',(1.,0.,0.));
#4151=DIRECTION('',(0.75,-0.661437827766149,0.));
#4152=DIRECTION('',(0.,0.,1.));
#4153=DIRECTION('',(1.,0.,0.));
#4154=DIRECTION('',(0.,0.,1.));
#4155=DIRECTION('',(1.,0.,0.));
#4156=DIRECTION('',(0.,0.,1.));
#4157=DIRECTION('',(1.,0.,0.));
#4158=DIRECTION('',(0.,0.,-1.));
#4159=DIRECTION('',(-1.,0.,0.));
#4160=DIRECTION('',(0.,0.,1.));
#4161=DIRECTION('',(1.,0.,0.));
#4162=DIRECTION('',(0.,0.,-1.));
#4163=DIRECTION('',(-1.,0.,0.));
#4164=DIRECTION('',(0.,0.,1.));
#4165=DIRECTION('',(1.,0.,0.));
#4166=DIRECTION('',(0.,0.,-1.));
#4167=DIRECTION('',(-0.661437827766148,0.75,0.));
#4168=DIRECTION('',(-0.75,-0.661437827766148,0.));
#4169=DIRECTION('',(0.75,0.661437827766148,0.));
#4170=DIRECTION('',(0.,0.,-1.));
#4171=DIRECTION('',(0.,0.,-1.));
#4172=DIRECTION('',(-1.,0.,0.));
#4173=DIRECTION('',(0.,0.,1.));
#4174=DIRECTION('',(1.,0.,0.));
#4175=DIRECTION('',(0.,0.,-1.));
#4176=DIRECTION('',(0.661437827766149,0.75,0.));
#4177=DIRECTION('',(-0.75,0.661437827766149,0.));
#4178=DIRECTION('',(0.75,-0.661437827766149,0.));
#4179=DIRECTION('',(0.,0.,-1.));
#4180=DIRECTION('',(0.,0.,-1.));
#4181=DIRECTION('',(-1.,0.,0.));
#4182=DIRECTION('',(0.,0.,1.));
#4183=DIRECTION('',(1.,0.,0.));
#4184=DIRECTION('',(0.,0.,1.));
#4185=DIRECTION('',(1.,0.,0.));
#4186=DIRECTION('',(0.,0.,1.));
#4187=DIRECTION('',(1.,0.,0.));
#4188=DIRECTION('',(0.75,0.661437827766148,0.));
#4189=DIRECTION('',(0.,0.,1.));
#4190=DIRECTION('',(1.,0.,0.));
#4191=DIRECTION('',(0.,0.,1.));
#4192=DIRECTION('',(1.,0.,0.));
#4193=DIRECTION('',(0.95679171826184,0.290774152677908,0.));
#4194=DIRECTION('',(-0.290774152677908,0.95679171826184,0.));
#4195=DIRECTION('',(0.290774152677908,-0.95679171826184,0.));
#4196=DIRECTION('',(0.,0.,-1.));
#4197=DIRECTION('',(0.290774152677908,-0.95679171826184,0.));
#4198=DIRECTION('',(0.,0.,-1.));
#4199=DIRECTION('',(-1.,0.,0.));
#4200=DIRECTION('',(0.,0.,-1.));
#4201=DIRECTION('',(0.,0.,1.));
#4202=DIRECTION('',(1.,0.,0.));
#4203=DIRECTION('',(0.,0.,-1.));
#4204=DIRECTION('',(0.,0.,1.));
#4205=DIRECTION('',(1.,0.,0.));
#4206=DIRECTION('',(0.,0.,1.));
#4207=DIRECTION('',(1.,0.,0.));
#4208=DIRECTION('',(0.95679171826184,0.290774152677908,0.));
#4209=DIRECTION('',(-0.290774152677908,0.95679171826184,0.));
#4210=DIRECTION('',(0.290774152677908,-0.956791718261841,0.));
#4211=DIRECTION('',(0.290774152677908,-0.956791718261841,0.));
#4212=DIRECTION('',(0.,0.,-1.));
#4213=DIRECTION('',(0.,0.,1.));
#4214=DIRECTION('',(1.,0.,0.));
#4215=DIRECTION('',(0.,0.,1.));
#4216=DIRECTION('',(1.,0.,0.));
#4217=DIRECTION('',(0.95679171826184,-0.290774152677908,0.));
#4218=DIRECTION('',(0.290774152677908,0.95679171826184,0.));
#4219=DIRECTION('',(-0.290774152677908,-0.956791718261841,0.));
#4220=DIRECTION('',(0.,0.,-1.));
#4221=DIRECTION('',(-0.290774152677908,-0.956791718261841,0.));
#4222=DIRECTION('',(0.,0.,-1.));
#4223=DIRECTION('',(-1.,0.,0.));
#4224=DIRECTION('',(0.,0.,-1.));
#4225=DIRECTION('',(0.,0.,1.));
#4226=DIRECTION('',(1.,0.,0.));
#4227=DIRECTION('',(0.,0.,-1.));
#4228=DIRECTION('',(0.,0.,-1.));
#4229=DIRECTION('',(1.,0.,0.));
#4230=DIRECTION('',(0.,0.,-1.));
#4231=DIRECTION('',(0.,0.,-1.));
#4232=DIRECTION('',(1.,0.,0.));
#4233=DIRECTION('',(0.95679171826184,-0.290774152677908,0.));
#4234=DIRECTION('',(0.290774152677908,0.956791718261841,0.));
#4235=DIRECTION('',(-0.290774152677908,-0.956791718261841,0.));
#4236=DIRECTION('',(-0.290774152677908,-0.956791718261841,0.));
#4237=DIRECTION('',(0.,0.,1.));
#4238=DIRECTION('',(1.,0.,0.));
#4239=DIRECTION('',(0.,0.,1.));
#4240=DIRECTION('',(1.,0.,0.));
#4241=DIRECTION('',(0.,0.,1.));
#4242=DIRECTION('',(1.,0.,0.));
#4243=DIRECTION('',(0.,0.,1.));
#4244=DIRECTION('',(1.,0.,0.));
#4245=DIRECTION('',(0.75,-0.661437827766149,0.));
#4246=DIRECTION('',(0.,0.,1.));
#4247=DIRECTION('',(1.,0.,0.));
#4248=DIRECTION('',(0.75,0.661437827766148,0.));
#4249=DIRECTION('',(0.,0.,1.));
#4250=DIRECTION('',(1.,0.,0.));
#4251=DIRECTION('',(0.,0.,1.));
#4252=DIRECTION('',(1.,0.,0.));
#4253=DIRECTION('',(0.,0.,-1.));
#4254=DIRECTION('',(-1.,0.,0.));
#4255=DIRECTION('',(0.,0.,1.));
#4256=DIRECTION('',(1.,0.,0.));
#4257=DIRECTION('',(0.,0.,-1.));
#4258=DIRECTION('',(-1.,0.,0.));
#4259=DIRECTION('',(0.,0.,-1.));
#4260=DIRECTION('',(0.,0.,1.));
#4261=DIRECTION('',(1.,0.,0.));
#4262=DIRECTION('',(-0.661437827766148,0.75,0.));
#4263=DIRECTION('',(-0.75,-0.661437827766148,0.));
#4264=DIRECTION('',(0.,0.,-1.));
#4265=DIRECTION('',(0.75,0.661437827766148,0.));
#4266=DIRECTION('',(0.,0.,-1.));
#4267=DIRECTION('',(-1.,0.,0.));
#4268=DIRECTION('',(0.,0.,-1.));
#4269=DIRECTION('',(0.,0.,1.));
#4270=DIRECTION('',(1.,0.,0.));
#4271=DIRECTION('',(0.661437827766149,0.75,0.));
#4272=DIRECTION('',(-0.75,0.661437827766149,0.));
#4273=DIRECTION('',(0.,0.,-1.));
#4274=DIRECTION('',(0.75,-0.661437827766149,0.));
#4275=DIRECTION('',(0.,0.,-1.));
#4276=DIRECTION('',(-1.,0.,0.));
#4277=DIRECTION('',(0.,0.,1.));
#4278=DIRECTION('',(1.,0.,0.));
#4279=DIRECTION('',(0.75,0.661437827766148,0.));
#4280=DIRECTION('',(0.,0.,1.));
#4281=DIRECTION('',(1.,0.,0.));
#4282=DIRECTION('',(0.,0.,1.));
#4283=DIRECTION('',(1.,0.,0.));
#4284=DIRECTION('',(0.,0.,1.));
#4285=DIRECTION('',(1.,0.,0.));
#4286=DIRECTION('',(0.,0.,1.));
#4287=DIRECTION('',(1.,0.,0.));
#4288=DIRECTION('',(0.,0.,1.));
#4289=DIRECTION('',(1.,0.,0.));
#4290=DIRECTION('',(-0.75,0.661437827766149,0.));
#4291=DIRECTION('',(-0.661437827766149,-0.75,0.));
#4292=DIRECTION('',(0.,0.,1.));
#4293=DIRECTION('',(1.,0.,0.));
#4294=DIRECTION('',(0.,0.,1.));
#4295=DIRECTION('',(1.,0.,0.));
#4296=DIRECTION('',(0.,0.,1.));
#4297=DIRECTION('',(1.,0.,0.));
#4298=DIRECTION('',(0.,0.,1.));
#4299=DIRECTION('',(1.,0.,0.));
#4300=DIRECTION('',(-0.75,-0.661437827766148,0.));
#4301=DIRECTION('',(0.661437827766148,-0.75,0.));
#4302=DIRECTION('',(0.,0.,1.));
#4303=DIRECTION('',(1.,0.,0.));
#4304=DIRECTION('',(0.,0.,1.));
#4305=DIRECTION('',(1.,0.,0.));
#4306=DIRECTION('',(0.75,0.661437827766148,0.));
#4307=DIRECTION('',(-0.661437827766148,0.75,0.));
#4308=DIRECTION('',(0.,0.,1.));
#4309=DIRECTION('',(1.,0.,0.));
#4310=DIRECTION('',(0.,0.,1.));
#4311=DIRECTION('',(1.,0.,0.));
#4312=DIRECTION('',(0.,0.,1.));
#4313=DIRECTION('',(1.,0.,0.));
#4314=DIRECTION('',(0.75,-0.661437827766149,0.));
#4315=DIRECTION('',(0.661437827766149,0.75,0.));
#4316=DIRECTION('',(-1.,-1.38777878078145E-16,0.));
#4317=DIRECTION('',(1.38777878078145E-16,-1.,0.));
#4318=DIRECTION('',(-1.,-1.38777878078145E-16,0.));
#4319=DIRECTION('',(0.,0.,-1.));
#4320=DIRECTION('',(-1.,0.,0.));
#4321=DIRECTION('',(-1.,-1.38777878078145E-16,0.));
#4322=DIRECTION('',(-1.,-1.38777878078145E-16,0.));
#4323=DIRECTION('',(1.38777878078145E-16,-1.,0.));
#4324=DIRECTION('',(-1.,-1.38777878078145E-16,0.));
#4325=DIRECTION('',(1.38777878078145E-16,-1.,1.44560289664734E-16));
#4326=DIRECTION('',(0.,-1.44560289664734E-16,-1.));
#4327=DIRECTION('',(-1.,-1.38777878078145E-16,0.));
#4328=DIRECTION('',(1.38777878078145E-16,-1.,0.));
#4329=DIRECTION('',(-1.,-1.38777878078145E-16,0.));
#4330=DIRECTION('',(0.,0.,1.));
#4331=DIRECTION('',(1.,0.,0.));
#4332=DIRECTION('',(-1.,-1.38777878078145E-16,0.));
#4333=DIRECTION('',(-1.,-1.38777878078145E-16,0.));
#4334=DIRECTION('',(1.38777878078145E-16,-1.,0.));
#4335=DIRECTION('',(-1.,-1.38777878078145E-16,0.));
#4336=DIRECTION('',(-1.38777878078145E-16,1.,0.));
#4337=DIRECTION('',(-1.,-1.38777878078145E-16,0.));
#4338=DIRECTION('',(-1.,-1.38777878078145E-16,0.));
#4339=DIRECTION('',(1.38777878078145E-16,-1.,0.));
#4340=DIRECTION('',(-1.,-1.38777878078145E-16,0.));
#4341=DIRECTION('',(-1.,-1.38777878078145E-16,0.));
#4342=DIRECTION('',(0.,0.,-1.));
#4343=DIRECTION('',(-1.,0.,0.));
#4344=DIRECTION('',(-1.,-1.38777878078145E-16,0.));
#4345=DIRECTION('',(-1.,-1.38777878078145E-16,0.));
#4346=DIRECTION('',(1.38777878078145E-16,-1.,0.));
#4347=DIRECTION('',(1.38777878078145E-16,-1.,1.44560289664734E-16));
#4348=DIRECTION('',(0.,-1.44560289664734E-16,-1.));
#4349=DIRECTION('',(-1.38777878078145E-16,1.,0.));
#4350=DIRECTION('',(-1.,-1.38777878078145E-16,0.));
#4351=DIRECTION('',(-1.,-1.38777878078145E-16,0.));
#4352=DIRECTION('',(-1.,-1.38777878078145E-16,0.));
#4353=DIRECTION('',(1.38777878078145E-16,-1.,0.));
#4354=DIRECTION('',(-1.,-1.38777878078145E-16,0.));
#4355=DIRECTION('',(0.,0.,1.));
#4356=DIRECTION('',(1.,0.,0.));
#4357=DIRECTION('',(-1.,-1.38777878078145E-16,0.));
#4358=DIRECTION('',(-1.,-1.38777878078145E-16,0.));
#4359=DIRECTION('',(1.38777878078145E-16,-1.,0.));
#4360=DIRECTION('',(0.,-1.,0.));
#4361=DIRECTION('',(0.,0.,-1.));
#4362=DIRECTION('',(1.,0.,0.));
#4363=DIRECTION('',(0.,-1.,0.));
#4364=DIRECTION('',(0.,0.,-1.));
#4365=DIRECTION('',(1.,0.,0.));
#4366=DIRECTION('',(0.,-1.,0.));
#4367=DIRECTION('',(0.,0.,-1.));
#4368=DIRECTION('',(0.,-1.,0.));
#4369=DIRECTION('',(0.,0.,-1.));
#4370=DIRECTION('',(1.,0.,0.));
#4371=DIRECTION('',(0.,-1.,0.));
#4372=DIRECTION('',(0.,0.,-1.));
#4373=DIRECTION('',(1.,0.,0.));
#4374=DIRECTION('',(0.,-1.,0.));
#4375=DIRECTION('',(0.,0.,-1.));
#4376=DIRECTION('',(0.,0.,1.));
#4377=DIRECTION('',(1.,0.,0.));
#4378=DIRECTION('',(-2.89120579329468E-16,1.,0.));
#4379=DIRECTION('',(0.,1.,0.));
#4380=DIRECTION('',(0.,0.,1.));
#4381=DIRECTION('',(1.,0.,0.));
#4382=DIRECTION('',(-2.89120579329468E-16,1.,0.));
#4383=DIRECTION('',(-1.,-2.89120579329468E-16,0.));
#4384=DIRECTION('',(0.,-1.,0.));
#4385=DIRECTION('',(0.,0.,-1.));
#4386=DIRECTION('',(1.,4.33680868994202E-16,0.));
#4387=DIRECTION('',(-4.33680868994202E-16,1.,0.));
#4388=DIRECTION('',(0.,0.,1.));
#4389=DIRECTION('',(-4.33680868994202E-16,1.,0.));
#4390=DIRECTION('',(0.,0.,1.));
#4391=DIRECTION('',(-4.33680868994201E-16,1.,0.));
#4392=DIRECTION('',(1.,4.33680868994202E-16,0.));
#4393=DIRECTION('',(-4.33680868994202E-16,1.,0.));
#4394=DIRECTION('',(-4.33680868994201E-16,1.,0.));
#4395=DIRECTION('',(0.,0.,1.));
#4396=DIRECTION('',(-4.33680868994202E-16,1.,0.));
#4397=DIRECTION('',(0.,0.,1.));
#4398=DIRECTION('',(0.,1.,0.));
#4399=DIRECTION('',(0.,0.,1.));
#4400=DIRECTION('',(-1.,0.,0.));
#4401=DIRECTION('',(0.,0.,1.));
#4402=DIRECTION('',(1.,0.,0.));
#4403=DIRECTION('',(1.,2.89120579329468E-16,0.));
#4404=DIRECTION('',(0.,0.,-1.));
#4405=DIRECTION('',(-1.,0.,0.));
#4406=DIRECTION('',(-1.,-4.33680868994201E-16,0.));
#4407=DIRECTION('',(4.33680868994201E-16,-1.,0.));
#4408=DIRECTION('',(1.,4.33680868994201E-16,0.));
#4409=CARTESIAN_POINT('',(0.,0.,0.));
#4410=CARTESIAN_POINT('',(-0.0085,0.006,0.002));
#4411=CARTESIAN_POINT('',(8.67361737988404E-19,0.006,-0.007));
#4412=CARTESIAN_POINT('',(0.003,0.006,-0.007));
#4413=CARTESIAN_POINT('',(-0.003,0.006,-0.007));
#4414=CARTESIAN_POINT('',(0.003,0.006,-0.013));
#4415=CARTESIAN_POINT('',(0.003,0.006,0.));
#4416=CARTESIAN_POINT('',(-0.0085,0.006,0.));
#4417=CARTESIAN_POINT('',(0.0075,0.006,0.));
#4418=CARTESIAN_POINT('',(0.0075,0.006,-0.015));
#4419=CARTESIAN_POINT('',(0.0075,0.006,-0.015));
#4420=CARTESIAN_POINT('',(0.0085,0.006,-0.015));
#4421=CARTESIAN_POINT('',(0.011,0.006,-0.015));
#4422=CARTESIAN_POINT('',(0.011,0.006,0.0156));
#4423=CARTESIAN_POINT('',(0.011,0.006,-0.009));
#4424=CARTESIAN_POINT('',(0.014,0.006,-0.009));
#4425=CARTESIAN_POINT('',(0.0095,0.006,-0.009));
#4426=CARTESIAN_POINT('',(0.0095,0.006,0.002));
#4427=CARTESIAN_POINT('',(0.0095,0.006,0.002));
#4428=CARTESIAN_POINT('',(-0.0085,0.006,0.002));
#4429=CARTESIAN_POINT('',(-0.0095,0.006,0.002));
#4430=CARTESIAN_POINT('',(-0.0095,0.006,0.002));
#4431=CARTESIAN_POINT('',(-0.0095,0.006,-0.009));
#4432=CARTESIAN_POINT('',(0.014,0.006,-0.009));
#4433=CARTESIAN_POINT('',(-0.011,0.006,-0.009));
#4434=CARTESIAN_POINT('',(-0.011,0.006,-0.012));
#4435=CARTESIAN_POINT('',(-0.011,0.006,-0.015));
#4436=CARTESIAN_POINT('',(-0.0085,0.006,-0.015));
#4437=CARTESIAN_POINT('',(-0.0075,0.006,-0.015));
#4438=CARTESIAN_POINT('',(-0.0075,0.006,-0.015));
#4439=CARTESIAN_POINT('',(-0.0075,0.006,0.));
#4440=CARTESIAN_POINT('',(-0.0085,0.006,0.));
#4441=CARTESIAN_POINT('',(-0.003,0.006,0.));
#4442=CARTESIAN_POINT('',(-0.003,0.006,-0.013));
#4443=CARTESIAN_POINT('',(-3.46944695195361E-18,0.012,0.));
#4444=CARTESIAN_POINT('',(-0.003,0.008,0.));
#4445=CARTESIAN_POINT('',(-0.003,0.01,0.));
#4446=CARTESIAN_POINT('',(-0.0075,0.0085,0.));
#4447=CARTESIAN_POINT('',(-0.0075,0.0125,0.));
#4448=CARTESIAN_POINT('',(-0.01025,0.0125,0.));
#4449=CARTESIAN_POINT('',(0.0075,0.0125,0.));
#4450=CARTESIAN_POINT('',(0.0075,0.0085,0.));
#4451=CARTESIAN_POINT('',(0.003,0.008,0.));
#4452=CARTESIAN_POINT('',(0.003,0.01,0.));
#4453=CARTESIAN_POINT('',(0.,0.01,0.));
#4454=CARTESIAN_POINT('',(0.011,1.7347234759768E-18,0.0156));
#4455=CARTESIAN_POINT('',(0.011,1.7347234759768E-18,0.0156));
#4456=CARTESIAN_POINT('',(0.011,0.0064,0.0156));
#4457=CARTESIAN_POINT('',(0.011,0.0125,0.0156));
#4458=CARTESIAN_POINT('',(0.011,0.0064,0.0156));
#4459=CARTESIAN_POINT('',(0.011,0.0064,0.0126));
#4460=CARTESIAN_POINT('',(0.011,0.0044,0.0126));
#4461=CARTESIAN_POINT('',(0.011,0.0044,0.0106));
#4462=CARTESIAN_POINT('',(0.011,1.7347234759768E-18,0.0106));
#4463=CARTESIAN_POINT('',(0.011,0.0034,0.0106));
#4464=CARTESIAN_POINT('',(0.011,0.0034,0.0126));
#4465=CARTESIAN_POINT('',(0.011,0.0014,0.0126));
#4466=CARTESIAN_POINT('',(0.011,0.0014,0.0156));
#4467=CARTESIAN_POINT('',(0.011,0.0014,0.0134));
#4468=CARTESIAN_POINT('',(0.011,-0.0024,0.0134));
#4469=CARTESIAN_POINT('',(0.011,-0.0024,0.0134));
#4470=CARTESIAN_POINT('',(0.011,-0.0024,0.0139));
#4471=CARTESIAN_POINT('',(0.011,-0.0024,0.0156));
#4472=CARTESIAN_POINT('',(0.011,1.7347234759768E-18,0.0156));
#4473=CARTESIAN_POINT('',(0.011,-0.00601065282364885,0.0156));
#4474=CARTESIAN_POINT('',(0.011,-0.00437791567626147,0.0150057322779703));
#4475=CARTESIAN_POINT('',(0.011,-0.00437791567626146,0.0150057322779703));
#4476=CARTESIAN_POINT('',(0.011,-0.00500210243783081,0.013290793245036));
#4477=CARTESIAN_POINT('',(0.011,-0.00613931941438866,0.0101663152809229));
#4478=CARTESIAN_POINT('',(0.011,-0.00246451655241482,0.00882879642236813));
#4479=CARTESIAN_POINT('',(0.011,-0.0108377825183182,0.0118764159975512));
#4480=CARTESIAN_POINT('',(0.011,-0.00941839892351667,0.0157761403738127));
#4481=CARTESIAN_POINT('',(0.011,-0.00948250877663702,0.0156));
#4482=CARTESIAN_POINT('',(0.011,1.7347234759768E-18,0.0156));
#4483=CARTESIAN_POINT('',(0.011,-0.0125,0.0156));
#4484=CARTESIAN_POINT('',(0.011,-0.0125,0.0156));
#4485=CARTESIAN_POINT('',(0.011,-0.0125,0.00730951100040773));
#4486=CARTESIAN_POINT('',(0.011,-0.012274267120286,0.00792970699025038));
#4487=CARTESIAN_POINT('',(0.011,-0.0114192167619718,0.0102789385422151));
#4488=CARTESIAN_POINT('',(0.011,-0.0067207536580423,0.00856883782558681));
#4489=CARTESIAN_POINT('',(0.011,-0.00437152210607752,0.00771378746727264));
#4490=CARTESIAN_POINT('',(0.011,-0.00132557131000907,0.0160824685002405));
#4491=CARTESIAN_POINT('',(0.011,-0.00664595605919322,0.00146483153904634));
#4492=CARTESIAN_POINT('',(0.011,-0.00532038474918416,0.000982363038805781));
#4493=CARTESIAN_POINT('',(0.011,-0.0125,0.00359552928358642));
#4494=CARTESIAN_POINT('',(0.011,-0.0125,0.0156));
#4495=CARTESIAN_POINT('',(0.011,-0.0125,-0.015));
#4496=CARTESIAN_POINT('',(0.011,1.7347234759768E-18,-0.015));
#4497=CARTESIAN_POINT('',(0.011,-0.002,-0.015));
#4498=CARTESIAN_POINT('',(0.011,-0.002,0.0156));
#4499=CARTESIAN_POINT('',(0.011,-0.002,-0.009));
#4500=CARTESIAN_POINT('',(0.011,0.001,-0.009));
#4501=CARTESIAN_POINT('',(0.011,0.001,-0.006));
#4502=CARTESIAN_POINT('',(0.011,1.7347234759768E-18,-0.006));
#4503=CARTESIAN_POINT('',(0.011,0.003,-0.006));
#4504=CARTESIAN_POINT('',(0.011,0.003,-0.009));
#4505=CARTESIAN_POINT('',(0.011,1.7347234759768E-18,-0.015));
#4506=CARTESIAN_POINT('',(0.011,0.0125,-0.015));
#4507=CARTESIAN_POINT('',(0.011,0.0125,0.0156));
#4508=CARTESIAN_POINT('',(0.011,0.0125,0.0015));
#4509=CARTESIAN_POINT('',(0.011,0.0125,0.0037));
#4510=CARTESIAN_POINT('',(0.011,0.0125,0.0037));
#4511=CARTESIAN_POINT('',(0.011,0.0125,0.0156));
#4512=CARTESIAN_POINT('',(0.011,0.0125,0.0062));
#4513=CARTESIAN_POINT('',(0.011,0.0125,0.0084));
#4514=CARTESIAN_POINT('',(0.011,0.0125,0.0084));
#4515=CARTESIAN_POINT('',(0.011,0.0125,0.0156));
#4516=CARTESIAN_POINT('',(-0.011,1.7347234759768E-18,0.0156));
#4517=CARTESIAN_POINT('',(-0.011,0.0064,0.0141));
#4518=CARTESIAN_POINT('',(-0.011,0.0064,0.0156));
#4519=CARTESIAN_POINT('',(-0.011,0.0064,0.0126));
#4520=CARTESIAN_POINT('',(-0.011,1.7347234759768E-18,0.0156));
#4521=CARTESIAN_POINT('',(-0.011,0.0125,0.0156));
#4522=CARTESIAN_POINT('',(-0.011,0.0125,0.0156));
#4523=CARTESIAN_POINT('',(-0.011,0.0125,0.0084));
#4524=CARTESIAN_POINT('',(-0.011,0.0125,0.0084));
#4525=CARTESIAN_POINT('',(-0.011,0.0125,0.0062));
#4526=CARTESIAN_POINT('',(-0.011,0.0125,0.0156));
#4527=CARTESIAN_POINT('',(-0.011,0.0125,0.0037));
#4528=CARTESIAN_POINT('',(-0.011,0.0125,0.0037));
#4529=CARTESIAN_POINT('',(-0.011,0.0125,0.0015));
#4530=CARTESIAN_POINT('',(-0.011,0.0125,0.0156));
#4531=CARTESIAN_POINT('',(-0.011,0.0125,-0.015));
#4532=CARTESIAN_POINT('',(-0.011,1.7347234759768E-18,-0.015));
#4533=CARTESIAN_POINT('',(-0.011,0.003,-0.009));
#4534=CARTESIAN_POINT('',(-0.011,0.003,-0.006));
#4535=CARTESIAN_POINT('',(-0.011,0.002,-0.006));
#4536=CARTESIAN_POINT('',(-0.011,0.001,-0.006));
#4537=CARTESIAN_POINT('',(-0.011,0.001,-0.009));
#4538=CARTESIAN_POINT('',(-0.011,-0.002,-0.009));
#4539=CARTESIAN_POINT('',(-0.011,-0.002,-0.012));
#4540=CARTESIAN_POINT('',(-0.011,-0.002,-0.015));
#4541=CARTESIAN_POINT('',(-0.011,1.7347234759768E-18,-0.015));
#4542=CARTESIAN_POINT('',(-0.011,-0.0125,-0.015));
#4543=CARTESIAN_POINT('',(-0.011,-0.0125,0.0156));
#4544=CARTESIAN_POINT('',(-0.011,-0.0125,0.00359552928358642));
#4545=CARTESIAN_POINT('',(-0.011,-0.00532038474918415,0.000982363038805785));
#4546=CARTESIAN_POINT('',(-0.011,-0.00664595605919322,0.00146483153904634));
#4547=CARTESIAN_POINT('',(-0.011,-0.0052265724643917,0.00536455591530786));
#4548=CARTESIAN_POINT('',(-0.011,-0.00437152210607752,0.00771378746727264));
#4549=CARTESIAN_POINT('',(-0.011,-0.00906998521000707,0.00942388818390098));
#4550=CARTESIAN_POINT('',(-0.011,-0.0114192167619718,0.0102789385422151));
#4551=CARTESIAN_POINT('',(-0.011,-0.00837326596590338,0.018647619575183));
#4552=CARTESIAN_POINT('',(-0.011,-0.0125,0.00730951100040772));
#4553=CARTESIAN_POINT('',(-0.011,-0.0125,0.0156));
#4554=CARTESIAN_POINT('',(-0.011,-0.0125,0.0156));
#4555=CARTESIAN_POINT('',(-0.011,1.7347234759768E-18,0.0156));
#4556=CARTESIAN_POINT('',(-0.011,-0.00948250877663703,0.0156));
#4557=CARTESIAN_POINT('',(-0.011,-0.00837326596590338,0.018647619575183));
#4558=CARTESIAN_POINT('',(-0.011,-0.0108377825183182,0.0118764159975512));
#4559=CARTESIAN_POINT('',(-0.011,-0.00246451655241482,0.00882879642236813));
#4560=CARTESIAN_POINT('',(-0.011,-0.00613931941438866,0.0101663152809229));
#4561=CARTESIAN_POINT('',(-0.011,-0.00500210243783081,0.013290793245036));
#4562=CARTESIAN_POINT('',(-0.011,-0.00437791567626147,0.0150057322779703));
#4563=CARTESIAN_POINT('',(-0.011,-0.00859243708048626,0.0165396926207859));
#4564=CARTESIAN_POINT('',(-0.011,-0.00601065282364885,0.0156));
#4565=CARTESIAN_POINT('',(-0.011,1.7347234759768E-18,0.0156));
#4566=CARTESIAN_POINT('',(-0.011,-0.0024,0.0156));
#4567=CARTESIAN_POINT('',(-0.011,-0.0024,0.0139));
#4568=CARTESIAN_POINT('',(-0.011,-0.0024,0.0134));
#4569=CARTESIAN_POINT('',(-0.011,1.7347234759768E-18,0.0134));
#4570=CARTESIAN_POINT('',(-0.011,0.0014,0.0134));
#4571=CARTESIAN_POINT('',(-0.011,0.0014,0.0141));
#4572=CARTESIAN_POINT('',(-0.011,0.0014,0.0126));
#4573=CARTESIAN_POINT('',(-0.011,0.0034,0.0126));
#4574=CARTESIAN_POINT('',(-0.011,0.0034,0.0106));
#4575=CARTESIAN_POINT('',(-0.011,0.0039,0.0106));
#4576=CARTESIAN_POINT('',(-0.011,0.0044,0.0106));
#4577=CARTESIAN_POINT('',(-0.011,0.0044,0.0126));
#4578=CARTESIAN_POINT('',(-3.46944695195361E-18,0.012,0.0156));
#4579=CARTESIAN_POINT('',(-0.0135,-0.0005,0.0156));
#4580=CARTESIAN_POINT('',(-0.0125,-0.0005,0.0156));
#4581=CARTESIAN_POINT('',(0.0135,-0.0005,0.0156));
#4582=CARTESIAN_POINT('',(0.0145,-0.0005,0.0156));
#4583=CARTESIAN_POINT('',(0.0126,0.0014,0.0156));
#4584=CARTESIAN_POINT('',(0.0095,0.0014,0.0156));
#4585=CARTESIAN_POINT('',(0.0142,0.0014,0.0156));
#4586=CARTESIAN_POINT('',(0.0095,2.60208521396521E-18,0.0156));
#4587=CARTESIAN_POINT('',(0.0095,-0.011,0.0156));
#4588=CARTESIAN_POINT('',(-0.009,-0.011,0.0156));
#4589=CARTESIAN_POINT('',(-0.0095,-0.011,0.0156));
#4590=CARTESIAN_POINT('',(-0.0095,-0.008,0.0156));
#4591=CARTESIAN_POINT('',(-0.0095,0.0014,0.0156));
#4592=CARTESIAN_POINT('',(-0.0126,0.0014,0.0156));
#4593=CARTESIAN_POINT('',(-0.0142,0.0014,0.0156));
#4594=CARTESIAN_POINT('',(-0.0142,9.99999999999979E-5,0.0156));
#4595=CARTESIAN_POINT('',(-0.0155,0.0001,0.0156));
#4596=CARTESIAN_POINT('',(-0.0155,-0.0005,0.0156));
#4597=CARTESIAN_POINT('',(-0.0155,-0.0011,0.0156));
#4598=CARTESIAN_POINT('',(-0.0142,-0.0011,0.0156));
#4599=CARTESIAN_POINT('',(-0.0142,-0.0024,0.0156));
#4600=CARTESIAN_POINT('',(-0.0126,-0.0024,0.0156));
#4601=CARTESIAN_POINT('',(-0.012,-0.00601065282364885,0.0156));
#4602=CARTESIAN_POINT('',(-0.0113256340726362,-0.00816958214472132,0.0156));
#4603=CARTESIAN_POINT('',(-0.0135,-0.00948250877663702,0.0156));
#4604=CARTESIAN_POINT('',(-0.01025,-0.0125,0.0156));
#4605=CARTESIAN_POINT('',(0.0135,-0.00948250877663702,0.0156));
#4606=CARTESIAN_POINT('',(0.0113256340726362,-0.00816958214472132,0.0156));
#4607=CARTESIAN_POINT('',(0.012,-0.00601065282364885,0.0156));
#4608=CARTESIAN_POINT('',(0.0126,-0.0024,0.0156));
#4609=CARTESIAN_POINT('',(0.0142,-0.0024,0.0156));
#4610=CARTESIAN_POINT('',(0.0142,-0.0011,0.0156));
#4611=CARTESIAN_POINT('',(0.0155,-0.0011,0.0156));
#4612=CARTESIAN_POINT('',(0.0155,-0.0005,0.0156));
#4613=CARTESIAN_POINT('',(0.0155,0.0001,0.0156));
#4614=CARTESIAN_POINT('',(0.0142,9.99999999999979E-5,0.0156));
#4615=CARTESIAN_POINT('',(-3.46944695195361E-18,0.012,0.0156));
#4616=CARTESIAN_POINT('',(0.014,0.0064,0.0156));
#4617=CARTESIAN_POINT('',(0.0095,0.0064,0.0156));
#4618=CARTESIAN_POINT('',(-0.01025,0.0125,0.0156));
#4619=CARTESIAN_POINT('',(0.0049,0.0125,0.0156));
#4620=CARTESIAN_POINT('',(0.0049,0.011,0.0156));
#4621=CARTESIAN_POINT('',(0.0049,0.011,0.0156));
#4622=CARTESIAN_POINT('',(0.008,0.011,0.0156));
#4623=CARTESIAN_POINT('',(0.0085,0.011,0.0156));
#4624=CARTESIAN_POINT('',(0.0085,0.01,0.0156));
#4625=CARTESIAN_POINT('',(0.0095,0.01,0.0156));
#4626=CARTESIAN_POINT('',(0.0095,2.60208521396521E-18,0.0156));
#4627=CARTESIAN_POINT('',(-3.46944695195361E-18,0.012,-0.015));
#4628=CARTESIAN_POINT('',(0.014,-0.002,-0.015));
#4629=CARTESIAN_POINT('',(0.0095,-0.002,-0.015));
#4630=CARTESIAN_POINT('',(0.01025,-0.0125,-0.015));
#4631=CARTESIAN_POINT('',(0.0095,-0.0125,-0.015));
#4632=CARTESIAN_POINT('',(0.0095,2.60208521396521E-18,-0.015));
#4633=CARTESIAN_POINT('',(-3.46944695195361E-18,0.012,-0.015));
#4634=CARTESIAN_POINT('',(0.014,-0.002,-0.015));
#4635=CARTESIAN_POINT('',(-0.0095,-0.002,-0.015));
#4636=CARTESIAN_POINT('',(-0.0095,-0.008,-0.015));
#4637=CARTESIAN_POINT('',(-0.0095,-0.0125,-0.015));
#4638=CARTESIAN_POINT('',(-0.01025,-0.0125,-0.015));
#4639=CARTESIAN_POINT('',(-3.46944695195361E-18,0.012,0.0114));
#4640=CARTESIAN_POINT('',(-3.53044826001307E-18,0.0315,0.0114));
#4641=CARTESIAN_POINT('',(0.00349398273410347,0.0310334063290327,0.0114));
#4642=CARTESIAN_POINT('',(-0.00349398273410348,0.0310334063290327,0.0114));
#4643=CARTESIAN_POINT('',(-0.00516196498979049,0.0317100415296492,0.0114));
#4644=CARTESIAN_POINT('',(-0.00428837577451054,0.0301362429774365,0.0114));
#4645=CARTESIAN_POINT('',(-4.33680868994202E-18,0.0315,0.0114));
#4646=CARTESIAN_POINT('',(0.00428837577451052,0.0301362429774365,0.0114));
#4647=CARTESIAN_POINT('',(0.00516196498979048,0.0317100415296492,0.0114));
#4648=CARTESIAN_POINT('',(-3.46944695195361E-18,0.012,0.0114));
#4649=CARTESIAN_POINT('',(-3.53044826001307E-18,0.0315,0.0114));
#4650=CARTESIAN_POINT('',(-0.0034445230821892,0.0322489230509644,0.0114));
#4651=CARTESIAN_POINT('',(-0.00294773803160079,0.0334329939205942,0.0114));
#4652=CARTESIAN_POINT('',(0.00934280931719683,0.02259375,0.0114));
#4653=CARTESIAN_POINT('',(-0.0040619218030329,0.034415611645272,0.0114));
#4654=CARTESIAN_POINT('',(-5.5944832100252E-17,0.0315,0.0114));
#4655=CARTESIAN_POINT('',(-0.00461465904193365,0.0334248173748956,0.0114));
#4656=CARTESIAN_POINT('',(-0.00516196498979049,0.0317100415296492,0.0114));
#4657=CARTESIAN_POINT('',(-3.46944695195361E-18,0.012,-0.0015));
#4658=CARTESIAN_POINT('',(-5.5944832100252E-17,0.0315,-0.0015));
#4659=CARTESIAN_POINT('',(-0.00416339904953756,0.033207661662716,-0.0015));
#4660=CARTESIAN_POINT('',(-0.00368482088013276,0.0340830398915498,-0.0015));
#4661=CARTESIAN_POINT('',(-0.00259946891388308,0.0331258494289926,-0.0015));
#4662=CARTESIAN_POINT('',(-0.00294773803160079,0.0334329939205942,-0.0015));
#4663=CARTESIAN_POINT('',(-3.53044826001307E-18,0.0315,-0.0015));
#4664=CARTESIAN_POINT('',(-0.0034445230821892,0.0322489230509644,-0.0015));
#4665=CARTESIAN_POINT('',(-0.00516196498979049,0.0317100415296492,-0.0015));
#4666=CARTESIAN_POINT('',(-3.46944695195361E-18,0.012,-0.0015));
#4667=CARTESIAN_POINT('',(-0.00516196498979049,0.0317100415296492,-0.0015));
#4668=CARTESIAN_POINT('',(-0.00428837577451054,0.0301362429774365,-0.0015));
#4669=CARTESIAN_POINT('',(-0.00349398273410348,0.0310334063290327,-0.0015));
#4670=CARTESIAN_POINT('',(-3.53044826001307E-18,0.0315,-0.0015));
#4671=CARTESIAN_POINT('',(0.00349398273410347,0.0310334063290326,-0.0015));
#4672=CARTESIAN_POINT('',(0.00516196498979048,0.0317100415296492,-0.0015));
#4673=CARTESIAN_POINT('',(0.00428837577451052,0.0301362429774365,-0.0015));
#4674=CARTESIAN_POINT('',(-4.33680868994202E-18,0.0315,-0.0015));
#4675=CARTESIAN_POINT('',(-0.01025,0.0125,0.0156));
#4676=CARTESIAN_POINT('',(-0.01025,0.0125,0.0062));
#4677=CARTESIAN_POINT('',(-0.00911871281320246,0.0125,0.0062));
#4678=CARTESIAN_POINT('',(-0.00911871281320246,0.0125,0.0084));
#4679=CARTESIAN_POINT('',(-0.00911871281320246,0.0125,0.0084));
#4680=CARTESIAN_POINT('',(-0.01025,0.0125,0.0084));
#4681=CARTESIAN_POINT('',(-0.01025,0.0125,0.0156));
#4682=CARTESIAN_POINT('',(-0.0049,0.0125,0.0156));
#4683=CARTESIAN_POINT('',(-0.0049,0.0125,0.00955));
#4684=CARTESIAN_POINT('',(-0.0049,0.0125,0.0035));
#4685=CARTESIAN_POINT('',(-0.0034,0.0125,0.0035));
#4686=CARTESIAN_POINT('',(-0.0034,0.0125,0.002));
#4687=CARTESIAN_POINT('',(3.90312782094781E-18,0.0125,0.002));
#4688=CARTESIAN_POINT('',(0.0034,0.0125,0.002));
#4689=CARTESIAN_POINT('',(0.0034,0.0125,0.0035));
#4690=CARTESIAN_POINT('',(0.0049,0.0125,0.0035));
#4691=CARTESIAN_POINT('',(0.0049,0.0125,0.00955));
#4692=CARTESIAN_POINT('',(0.00930935640660123,0.0125,0.0084));
#4693=CARTESIAN_POINT('',(0.00911871281320246,0.0125,0.0084));
#4694=CARTESIAN_POINT('',(0.00911871281320246,0.0125,0.0084));
#4695=CARTESIAN_POINT('',(0.00911871281320246,0.0125,0.0062));
#4696=CARTESIAN_POINT('',(0.00930935640660123,0.0125,0.0062));
#4697=CARTESIAN_POINT('',(0.00930935640660123,0.0125,0.0037));
#4698=CARTESIAN_POINT('',(0.00911871281320246,0.0125,0.0037));
#4699=CARTESIAN_POINT('',(0.00911871281320246,0.0125,0.0037));
#4700=CARTESIAN_POINT('',(0.00911871281320246,0.0125,0.0015));
#4701=CARTESIAN_POINT('',(0.00930935640660123,0.0125,0.0015));
#4702=CARTESIAN_POINT('',(0.01025,0.0125,-0.015));
#4703=CARTESIAN_POINT('',(0.0075,0.0125,-0.015));
#4704=CARTESIAN_POINT('',(0.0075,0.0125,-0.015));
#4705=CARTESIAN_POINT('',(-0.0075,0.0125,-0.015));
#4706=CARTESIAN_POINT('',(-0.0075,0.0125,-0.015));
#4707=CARTESIAN_POINT('',(-0.01025,0.0125,-0.015));
#4708=CARTESIAN_POINT('',(-0.01025,0.0125,0.0015));
#4709=CARTESIAN_POINT('',(-0.00911871281320246,0.0125,0.0015));
#4710=CARTESIAN_POINT('',(-0.00911871281320246,0.0125,0.0037));
#4711=CARTESIAN_POINT('',(-0.00911871281320246,0.0125,0.0037));
#4712=CARTESIAN_POINT('',(-0.01025,0.0125,0.0037));
#4713=CARTESIAN_POINT('',(-0.0095,-0.008,0.0156));
#4714=CARTESIAN_POINT('',(-0.0095,-0.006,-0.003));
#4715=CARTESIAN_POINT('',(-0.0095,-0.006,-0.004));
#4716=CARTESIAN_POINT('',(-0.0095,-0.006,-0.001));
#4717=CARTESIAN_POINT('',(-0.0095,-0.011,-0.004));
#4718=CARTESIAN_POINT('',(-0.0095,-0.011,-0.004));
#4719=CARTESIAN_POINT('',(-0.0095,-0.0125,-0.004));
#4720=CARTESIAN_POINT('',(-0.0095,-0.0125,-0.004));
#4721=CARTESIAN_POINT('',(-0.0095,-0.0125,-0.015));
#4722=CARTESIAN_POINT('',(-0.0095,-0.002,0.0156));
#4723=CARTESIAN_POINT('',(-0.0095,-0.002,-0.009));
#4724=CARTESIAN_POINT('',(-0.0095,0.001,-0.009));
#4725=CARTESIAN_POINT('',(-0.0095,0.001,-0.006));
#4726=CARTESIAN_POINT('',(-0.0095,-0.008,-0.006));
#4727=CARTESIAN_POINT('',(-0.0095,0.003,-0.006));
#4728=CARTESIAN_POINT('',(-0.0095,0.003,-0.009));
#4729=CARTESIAN_POINT('',(-0.0095,0.008,0.002));
#4730=CARTESIAN_POINT('',(-0.0095,0.01,0.002));
#4731=CARTESIAN_POINT('',(-0.0095,0.01,0.0156));
#4732=CARTESIAN_POINT('',(-0.0095,0.01,0.0156));
#4733=CARTESIAN_POINT('',(-0.0095,-0.008,0.0156));
#4734=CARTESIAN_POINT('',(-0.0095,0.0064,0.0156));
#4735=CARTESIAN_POINT('',(-0.0095,0.0064,0.0156));
#4736=CARTESIAN_POINT('',(-0.0095,0.0064,0.0126));
#4737=CARTESIAN_POINT('',(-0.0095,0.0044,0.0126));
#4738=CARTESIAN_POINT('',(-0.0095,0.0044,0.0106));
#4739=CARTESIAN_POINT('',(-0.0095,-0.008,0.0106));
#4740=CARTESIAN_POINT('',(-0.0095,0.0034,0.0106));
#4741=CARTESIAN_POINT('',(-0.0095,0.0034,0.0126));
#4742=CARTESIAN_POINT('',(-0.0095,0.0014,0.0126));
#4743=CARTESIAN_POINT('',(-0.0095,0.0014,0.0156));
#4744=CARTESIAN_POINT('',(-0.0095,-0.011,0.0156));
#4745=CARTESIAN_POINT('',(-0.0095,-0.011,-0.001));
#4746=CARTESIAN_POINT('',(-0.0095,-0.008,-0.001));
#4747=CARTESIAN_POINT('',(0.008,0.011,0.0156));
#4748=CARTESIAN_POINT('',(-0.0085,0.011,0.0156));
#4749=CARTESIAN_POINT('',(-0.0085,0.011,0.0156));
#4750=CARTESIAN_POINT('',(-0.0085,0.011,0.002));
#4751=CARTESIAN_POINT('',(0.008,0.011,0.002));
#4752=CARTESIAN_POINT('',(-0.0034,0.011,0.002));
#4753=CARTESIAN_POINT('',(-0.0034,0.011,0.0035));
#4754=CARTESIAN_POINT('',(-0.0049,0.011,0.0035));
#4755=CARTESIAN_POINT('',(-0.0049,0.011,0.00955));
#4756=CARTESIAN_POINT('',(-0.0049,0.011,0.0156));
#4757=CARTESIAN_POINT('',(0.008,0.011,0.0156));
#4758=CARTESIAN_POINT('',(-3.46944695195361E-18,0.012,0.0156));
#4759=CARTESIAN_POINT('',(0.014,0.0064,0.0156));
#4760=CARTESIAN_POINT('',(-0.0085,0.01,0.0156));
#4761=CARTESIAN_POINT('',(-0.0049,0.011,0.0156));
#4762=CARTESIAN_POINT('',(-0.0085,0.01,0.0156));
#4763=CARTESIAN_POINT('',(-0.0085,0.01,0.002));
#4764=CARTESIAN_POINT('',(0.008,0.011,0.0156));
#4765=CARTESIAN_POINT('',(0.0034,0.011,0.0035));
#4766=CARTESIAN_POINT('',(0.0049,0.011,0.0035));
#4767=CARTESIAN_POINT('',(0.0034,0.011,0.002));
#4768=CARTESIAN_POINT('',(0.,0.011,0.002));
#4769=CARTESIAN_POINT('',(0.0085,0.011,0.002));
#4770=CARTESIAN_POINT('',(0.0085,0.011,0.0156));
#4771=CARTESIAN_POINT('',(0.0049,0.011,0.00955));
#4772=CARTESIAN_POINT('',(0.0085,0.01,0.0156));
#4773=CARTESIAN_POINT('',(0.0085,0.01,0.002));
#4774=CARTESIAN_POINT('',(0.0095,0.01,0.002));
#4775=CARTESIAN_POINT('',(0.0095,0.01,0.0156));
#4776=CARTESIAN_POINT('',(0.0095,2.60208521396521E-18,0.0156));
#4777=CARTESIAN_POINT('',(0.0095,2.60208521396521E-18,-0.004));
#4778=CARTESIAN_POINT('',(0.0095,-0.0125,-0.004));
#4779=CARTESIAN_POINT('',(0.0095,-0.011,-0.004));
#4780=CARTESIAN_POINT('',(0.0095,2.60208521396521E-18,-0.004));
#4781=CARTESIAN_POINT('',(0.0095,-0.006,-0.004));
#4782=CARTESIAN_POINT('',(0.0095,-0.006,-0.003));
#4783=CARTESIAN_POINT('',(0.0095,-0.006,-0.001));
#4784=CARTESIAN_POINT('',(0.0095,-0.008,-0.001));
#4785=CARTESIAN_POINT('',(0.0095,-0.011,-0.001));
#4786=CARTESIAN_POINT('',(0.0095,-0.011,0.0156));
#4787=CARTESIAN_POINT('',(0.0095,0.0014,0.0156));
#4788=CARTESIAN_POINT('',(0.0095,0.0014,0.0126));
#4789=CARTESIAN_POINT('',(0.0095,0.0034,0.0126));
#4790=CARTESIAN_POINT('',(0.0095,0.0034,0.0106));
#4791=CARTESIAN_POINT('',(0.0095,2.60208521396521E-18,0.0106));
#4792=CARTESIAN_POINT('',(0.0095,0.0044,0.0106));
#4793=CARTESIAN_POINT('',(0.0095,0.0044,0.0126));
#4794=CARTESIAN_POINT('',(0.0095,0.0064,0.0126));
#4795=CARTESIAN_POINT('',(0.0095,0.0064,0.0156));
#4796=CARTESIAN_POINT('',(0.0095,0.008,0.002));
#4797=CARTESIAN_POINT('',(0.0095,0.003,-0.009));
#4798=CARTESIAN_POINT('',(0.0095,0.003,-0.006));
#4799=CARTESIAN_POINT('',(0.0095,2.60208521396521E-18,-0.006));
#4800=CARTESIAN_POINT('',(0.0095,0.001,-0.006));
#4801=CARTESIAN_POINT('',(0.0095,0.001,-0.009));
#4802=CARTESIAN_POINT('',(0.0095,-0.002,-0.009));
#4803=CARTESIAN_POINT('',(0.0095,-0.002,0.0156));
#4804=CARTESIAN_POINT('',(0.0095,-0.0125,-0.015));
#4805=CARTESIAN_POINT('',(-0.01025,-0.0125,0.0156));
#4806=CARTESIAN_POINT('',(-0.0135,-0.0125,0.00730951100040772));
#4807=CARTESIAN_POINT('',(-0.0111799369640102,-0.0125,0.00458659108359637));
#4808=CARTESIAN_POINT('',(-0.0135,-0.0125,0.00359552928358642));
#4809=CARTESIAN_POINT('',(-0.0055,-0.0125,-0.004));
#4810=CARTESIAN_POINT('',(-0.0055,-0.0125,0.));
#4811=CARTESIAN_POINT('',(-0.01025,-0.0125,0.));
#4812=CARTESIAN_POINT('',(0.0055,-0.0125,0.));
#4813=CARTESIAN_POINT('',(0.0055,-0.0125,-0.004));
#4814=CARTESIAN_POINT('',(0.0135,-0.0125,0.00359552928358642));
#4815=CARTESIAN_POINT('',(0.0111799369640102,-0.0125,0.00458659108359636));
#4816=CARTESIAN_POINT('',(0.0135,-0.0125,0.00730951100040772));
#4817=CARTESIAN_POINT('',(-0.009,-0.011,0.0156));
#4818=CARTESIAN_POINT('',(1.7347234759768E-18,-0.011,-0.001));
#4819=CARTESIAN_POINT('',(-0.00814575131106459,-0.011,-0.001));
#4820=CARTESIAN_POINT('',(1.7347234759768E-18,-0.011,-0.001));
#4821=CARTESIAN_POINT('',(0.00814575131106459,-0.011,-0.001));
#4822=CARTESIAN_POINT('',(0.0055,-0.011,-0.004));
#4823=CARTESIAN_POINT('',(0.0055,-0.011,0.));
#4824=CARTESIAN_POINT('',(-0.009,-0.011,0.));
#4825=CARTESIAN_POINT('',(-0.0055,-0.011,0.));
#4826=CARTESIAN_POINT('',(-0.0055,-0.011,-0.004));
#4827=CARTESIAN_POINT('',(-3.46944695195361E-18,0.012,0.));
#4828=CARTESIAN_POINT('',(0.0055,0.012,0.));
#4829=CARTESIAN_POINT('',(-0.0055,-0.011,0.));
#4830=CARTESIAN_POINT('',(0.0049,0.011,0.00955));
#4831=CARTESIAN_POINT('',(0.0049,0.011,0.0035));
#4832=CARTESIAN_POINT('',(0.0034,0.011,0.0035));
#4833=CARTESIAN_POINT('',(0.0034,0.011,0.002));
#4834=CARTESIAN_POINT('',(3.90312782094781E-18,0.011,0.002));
#4835=CARTESIAN_POINT('',(-0.0034,0.011,0.002));
#4836=CARTESIAN_POINT('',(-0.0034,0.011,0.0035));
#4837=CARTESIAN_POINT('',(-0.0049,0.011,0.0035));
#4838=CARTESIAN_POINT('',(-0.0049,0.011,0.00955));
#4839=CARTESIAN_POINT('',(0.0075,0.0085,-0.015));
#4840=CARTESIAN_POINT('',(0.0075,0.0085,-0.015));
#4841=CARTESIAN_POINT('',(-3.46944695195361E-18,0.012,-0.015));
#4842=CARTESIAN_POINT('',(-0.0075,0.0085,-0.015));
#4843=CARTESIAN_POINT('',(-0.0075,0.0085,-0.015));
#4844=CARTESIAN_POINT('',(-3.46944695195361E-18,0.012,-0.015));
#4845=CARTESIAN_POINT('',(0.0055,1.44560289664734E-18,-0.004));
#4846=CARTESIAN_POINT('',(0.0055,-0.011,-0.004));
#4847=CARTESIAN_POINT('',(-0.0055,0.012,-0.004));
#4848=CARTESIAN_POINT('',(-0.0055,-0.011,-0.004));
#4849=CARTESIAN_POINT('',(-0.0126,0.0014,0.0139));
#4850=CARTESIAN_POINT('',(0.014,0.0014,0.0126));
#4851=CARTESIAN_POINT('',(-0.0115,0.0014,0.0134));
#4852=CARTESIAN_POINT('',(-0.0115,0.0014,0.0139));
#4853=CARTESIAN_POINT('',(-0.0126,0.0014,0.0139));
#4854=CARTESIAN_POINT('',(-0.0142,0.0014,0.0139));
#4855=CARTESIAN_POINT('',(-0.0142,0.0014,0.0139));
#4856=CARTESIAN_POINT('',(-0.0142,9.99999999999979E-5,0.0139));
#4857=CARTESIAN_POINT('',(-0.0142,9.99999999999979E-5,0.0139));
#4858=CARTESIAN_POINT('',(-0.0155,0.0001,0.0139));
#4859=CARTESIAN_POINT('',(-0.0155,0.0001,0.0139));
#4860=CARTESIAN_POINT('',(-0.0155,-0.0005,0.0139));
#4861=CARTESIAN_POINT('',(-0.0155,-0.0005,0.0139));
#4862=CARTESIAN_POINT('',(-0.0155,-0.0011,0.0139));
#4863=CARTESIAN_POINT('',(-0.0155,-0.0011,0.0139));
#4864=CARTESIAN_POINT('',(-0.0142,-0.0011,0.0139));
#4865=CARTESIAN_POINT('',(-0.0142,-0.0011,0.0139));
#4866=CARTESIAN_POINT('',(-0.0142,-0.0024,0.0139));
#4867=CARTESIAN_POINT('',(-0.0142,-0.0024,0.0139));
#4868=CARTESIAN_POINT('',(-0.0135,-0.0005,0.0139));
#4869=CARTESIAN_POINT('',(-0.0135,-0.0005,0.0139));
#4870=CARTESIAN_POINT('',(-0.0125,-0.0005,0.0139));
#4871=CARTESIAN_POINT('',(-0.0126,-0.0024,0.0139));
#4872=CARTESIAN_POINT('',(-0.0126,-0.0024,0.0139));
#4873=CARTESIAN_POINT('',(-0.0115,-0.0024,0.0139));
#4874=CARTESIAN_POINT('',(-0.0115,-0.0024,0.0134));
#4875=CARTESIAN_POINT('',(0.,0.,0.0139));
#4876=CARTESIAN_POINT('',(-0.0115,-1.59594559789866E-18,0.0139));
#4877=CARTESIAN_POINT('',(0.0126,0.0014,0.0139));
#4878=CARTESIAN_POINT('',(0.0142,0.0014,0.0139));
#4879=CARTESIAN_POINT('',(0.0142,0.0014,0.0139));
#4880=CARTESIAN_POINT('',(0.0126,0.0014,0.0139));
#4881=CARTESIAN_POINT('',(0.0115,0.0014,0.0139));
#4882=CARTESIAN_POINT('',(0.0115,0.0014,0.0134));
#4883=CARTESIAN_POINT('',(0.014,0.0014,0.0126));
#4884=CARTESIAN_POINT('',(0.0126,-0.0024,0.0139));
#4885=CARTESIAN_POINT('',(0.0115,-0.0024,0.0134));
#4886=CARTESIAN_POINT('',(0.0115,-0.0024,0.0139));
#4887=CARTESIAN_POINT('',(0.0126,-0.0024,0.0139));
#4888=CARTESIAN_POINT('',(0.0142,-0.0024,0.0139));
#4889=CARTESIAN_POINT('',(0.0142,-0.0024,0.0139));
#4890=CARTESIAN_POINT('',(0.0142,-0.0011,0.0139));
#4891=CARTESIAN_POINT('',(0.0142,-0.0011,0.0139));
#4892=CARTESIAN_POINT('',(0.0155,-0.0011,0.0139));
#4893=CARTESIAN_POINT('',(0.0155,-0.0011,0.0139));
#4894=CARTESIAN_POINT('',(0.0155,-0.0005,0.0139));
#4895=CARTESIAN_POINT('',(0.0155,-0.0005,0.0139));
#4896=CARTESIAN_POINT('',(0.0155,0.0001,0.0139));
#4897=CARTESIAN_POINT('',(0.0155,0.0001,0.0139));
#4898=CARTESIAN_POINT('',(0.0142,9.99999999999979E-5,0.0139));
#4899=CARTESIAN_POINT('',(0.0142,9.99999999999979E-5,0.0139));
#4900=CARTESIAN_POINT('',(0.0135,-0.0005,0.0139));
#4901=CARTESIAN_POINT('',(0.0135,-0.0005,0.0139));
#4902=CARTESIAN_POINT('',(0.0145,-0.0005,0.0139));
#4903=CARTESIAN_POINT('',(0.,0.,0.0139));
#4904=CARTESIAN_POINT('',(0.0115,0.0014,0.0139));
#4905=CARTESIAN_POINT('',(0.0115,1.59594559789866E-18,0.0134));
#4906=CARTESIAN_POINT('',(-0.0115,1.66533453693773E-18,0.0134));
#4907=CARTESIAN_POINT('',(-0.0295,-0.00471993581958713,0.0140660396571844));
#4908=CARTESIAN_POINT('',(-0.0135,-0.00941839892351667,0.0157761403738127));
#4909=CARTESIAN_POINT('',(-0.0135,-0.0070691673715519,0.0149210900154985));
#4910=CARTESIAN_POINT('',(-0.012,-0.00753901368194486,0.0150921000871614));
#4911=CARTESIAN_POINT('',(-0.012,-0.00471993581958713,0.0140660396571844));
#4912=CARTESIAN_POINT('',(-0.012,-0.00471993581958713,0.0140660396571844));
#4913=CARTESIAN_POINT('',(-0.0295,-0.00471993581958713,0.0140660396571844));
#4914=CARTESIAN_POINT('',(-0.048,-0.00471993581958713,0.0140660396571844));
#4915=CARTESIAN_POINT('',(-0.048,-0.00471993581958713,0.0140660396571844));
#4916=CARTESIAN_POINT('',(-0.048,-0.0070691673715519,0.0149210900154985));
#4917=CARTESIAN_POINT('',(-0.0295,-0.0070691673715519,0.0149210900154985));
#4918=CARTESIAN_POINT('',(-0.0276440972547032,-0.00528426905607449,0.0125155468328876));
#4919=CARTESIAN_POINT('',(-0.0276440972547032,-0.00528426905607449,0.0125155468328876));
#4920=CARTESIAN_POINT('',(-0.0135,-0.00528426905607449,0.0125155468328876));
#4921=CARTESIAN_POINT('',(-0.0442881945094065,-0.00528426905607449,0.0125155468328876));
#4922=CARTESIAN_POINT('',(-0.0135,-0.00528426905607448,0.0125155468328876));
#4923=CARTESIAN_POINT('',(-0.0135,-0.00763350060803926,0.0133705971912018));
#4924=CARTESIAN_POINT('',(-0.0276440972547032,-0.00763350060803926,0.0133705971912018));
#4925=CARTESIAN_POINT('',(-0.0442881945094065,-0.00763350060803926,0.0133705971912018));
#4926=CARTESIAN_POINT('',(-0.0442881945094065,-0.00528426905607449,0.0125155468328876));
#4927=CARTESIAN_POINT('',(0.,-0.00877926808818025,0.010222626911569));
#4928=CARTESIAN_POINT('',(-0.0135,-0.00877926808818025,0.010222626911569));
#4929=CARTESIAN_POINT('',(-0.048,-0.00877926808818025,0.010222626911569));
#4930=CARTESIAN_POINT('',(-0.0295,-0.00814013725284382,0.00466911344932528));
#4931=CARTESIAN_POINT('',(-0.0295,-0.00814013725284382,0.00466911344932528));
#4932=CARTESIAN_POINT('',(-0.0135,-0.00814013725284382,0.00466911344932528));
#4933=CARTESIAN_POINT('',(-0.048,-0.00814013725284382,0.00466911344932529));
#4934=CARTESIAN_POINT('',(-0.0135,-0.00814013725284382,0.00466911344932528));
#4935=CARTESIAN_POINT('',(-0.0135,-0.0104893688048086,0.00552416380763946));
#4936=CARTESIAN_POINT('',(-0.0295,-0.0104893688048086,0.00552416380763945));
#4937=CARTESIAN_POINT('',(-0.048,-0.0104893688048086,0.00552416380763946));
#4938=CARTESIAN_POINT('',(-0.048,-0.00814013725284382,0.00466911344932529));
#4939=CARTESIAN_POINT('',(-0.0276440972547032,-0.00757580401635647,0.00621960627362204));
#4940=CARTESIAN_POINT('',(-0.0276440972547032,-0.00992503556832124,0.00707465663193621));
#4941=CARTESIAN_POINT('',(-0.0135,-0.00992503556832124,0.00707465663193621));
#4942=CARTESIAN_POINT('',(-0.0442881945094065,-0.00992503556832124,0.00707465663193621));
#4943=CARTESIAN_POINT('',(-0.0135,-0.00757580401635647,0.00621960627362204));
#4944=CARTESIAN_POINT('',(-0.0135,-0.00757580401635647,0.00621960627362204));
#4945=CARTESIAN_POINT('',(-0.0276440972547032,-0.00757580401635647,0.00621960627362204));
#4946=CARTESIAN_POINT('',(-0.0442881945094065,-0.00757580401635647,0.00621960627362204));
#4947=CARTESIAN_POINT('',(-0.0442881945094065,-0.00757580401635647,0.00621960627362204));
#4948=CARTESIAN_POINT('',(0.,-0.00643003653621548,0.00936757655325483));
#4949=CARTESIAN_POINT('',(-0.0135,-0.00814013725284382,0.00466911344932528));
#4950=CARTESIAN_POINT('',(-0.048,-0.00643003653621548,0.00936757655325482));
#4951=CARTESIAN_POINT('',(-0.012,-0.00437791567626146,0.0150057322779703));
#4952=CARTESIAN_POINT('',(-0.0135,-0.00613931941438866,0.0101663152809229));
#4953=CARTESIAN_POINT('',(-0.048,-0.00643003653621548,0.00936757655325482));
#4954=CARTESIAN_POINT('',(-0.048,-0.00643003653621548,0.00936757655325482));
#4955=CARTESIAN_POINT('',(-0.048,-0.00536806399118928,0.0122853221407951));
#4956=CARTESIAN_POINT('',(0.,-0.00877926808818025,0.010222626911569));
#4957=CARTESIAN_POINT('',(-0.0135,-0.00877926808818025,0.010222626911569));
#4958=CARTESIAN_POINT('',(-0.048,-0.00877926808818025,0.010222626911569));
#4959=CARTESIAN_POINT('',(0.0295,-0.00814013725284382,0.00466911344932528));
#4960=CARTESIAN_POINT('',(0.0295,-0.0104893688048086,0.00552416380763945));
#4961=CARTESIAN_POINT('',(0.0135,-0.0104893688048086,0.00552416380763946));
#4962=CARTESIAN_POINT('',(0.048,-0.0104893688048086,0.00552416380763945));
#4963=CARTESIAN_POINT('',(0.0135,-0.00814013725284382,0.00466911344932528));
#4964=CARTESIAN_POINT('',(0.0135,-0.00814013725284382,0.00466911344932528));
#4965=CARTESIAN_POINT('',(0.0295,-0.00814013725284382,0.00466911344932528));
#4966=CARTESIAN_POINT('',(0.048,-0.00814013725284382,0.00466911344932529));
#4967=CARTESIAN_POINT('',(0.048,-0.00814013725284382,0.00466911344932529));
#4968=CARTESIAN_POINT('',(0.0276440972547032,-0.00757580401635647,0.00621960627362204));
#4969=CARTESIAN_POINT('',(0.0276440972547032,-0.00757580401635647,0.00621960627362204));
#4970=CARTESIAN_POINT('',(0.0135,-0.00757580401635647,0.00621960627362204));
#4971=CARTESIAN_POINT('',(0.0442881945094065,-0.00757580401635646,0.00621960627362204));
#4972=CARTESIAN_POINT('',(0.0135,-0.00992503556832124,0.00707465663193621));
#4973=CARTESIAN_POINT('',(0.0135,-0.00992503556832124,0.00707465663193621));
#4974=CARTESIAN_POINT('',(0.0276440972547032,-0.00992503556832124,0.00707465663193621));
#4975=CARTESIAN_POINT('',(0.0442881945094065,-0.00992503556832124,0.00707465663193621));
#4976=CARTESIAN_POINT('',(0.0442881945094065,-0.00757580401635647,0.00621960627362204));
#4977=CARTESIAN_POINT('',(0.,-0.00877926808818025,0.010222626911569));
#4978=CARTESIAN_POINT('',(0.0135,-0.0104893688048086,0.00552416380763946));
#4979=CARTESIAN_POINT('',(0.048,-0.00877926808818026,0.010222626911569));
#4980=CARTESIAN_POINT('',(0.0276440972547032,-0.00528426905607449,0.0125155468328876));
#4981=CARTESIAN_POINT('',(0.0276440972547032,-0.00763350060803926,0.0133705971912018));
#4982=CARTESIAN_POINT('',(0.0135,-0.00763350060803926,0.0133705971912018));
#4983=CARTESIAN_POINT('',(0.0442881945094065,-0.00763350060803926,0.0133705971912018));
#4984=CARTESIAN_POINT('',(0.0135,-0.00528426905607449,0.0125155468328876));
#4985=CARTESIAN_POINT('',(0.0135,-0.00528426905607449,0.0125155468328876));
#4986=CARTESIAN_POINT('',(0.0276440972547032,-0.00528426905607449,0.0125155468328876));
#4987=CARTESIAN_POINT('',(0.0442881945094065,-0.00528426905607449,0.0125155468328876));
#4988=CARTESIAN_POINT('',(0.0442881945094065,-0.00528426905607449,0.0125155468328876));
#4989=CARTESIAN_POINT('',(0.0295,-0.00471993581958713,0.0140660396571844));
#4990=CARTESIAN_POINT('',(0.0295,-0.00471993581958713,0.0140660396571844));
#4991=CARTESIAN_POINT('',(0.012,-0.00471993581958713,0.0140660396571844));
#4992=CARTESIAN_POINT('',(0.048,-0.00471993581958713,0.0140660396571844));
#4993=CARTESIAN_POINT('',(0.012,-0.00893445722381193,0.0156));
#4994=CARTESIAN_POINT('',(0.012,-0.00753901368194486,0.0150921000871614));
#4995=CARTESIAN_POINT('',(0.0135,-0.00941839892351667,0.0157761403738127));
#4996=CARTESIAN_POINT('',(0.0135,-0.0070691673715519,0.0149210900154985));
#4997=CARTESIAN_POINT('',(0.0295,-0.0070691673715519,0.0149210900154985));
#4998=CARTESIAN_POINT('',(0.048,-0.00706916737155191,0.0149210900154985));
#4999=CARTESIAN_POINT('',(0.048,-0.00471993581958713,0.0140660396571844));
#5000=CARTESIAN_POINT('',(0.,-0.00643003653621548,0.00936757655325483));
#5001=CARTESIAN_POINT('',(0.0135,-0.00643003653621548,0.00936757655325483));
#5002=CARTESIAN_POINT('',(0.048,-0.00643003653621548,0.00936757655325483));
#5003=CARTESIAN_POINT('',(0.0135,-0.00613931941438866,0.0101663152809228));
#5004=CARTESIAN_POINT('',(0.012,-0.00437791567626147,0.0150057322779703));
#5005=CARTESIAN_POINT('',(0.048,-0.00643003653621548,0.00936757655325483));
#5006=CARTESIAN_POINT('',(0.048,-0.00643003653621548,0.00936757655325482));
#5007=CARTESIAN_POINT('',(0.048,-0.00536806399118928,0.0122853221407951));
#5008=CARTESIAN_POINT('',(0.,-0.00877926808818025,0.010222626911569));
#5009=CARTESIAN_POINT('',(0.0135,-0.00763350060803926,0.0133705971912018));
#5010=CARTESIAN_POINT('',(0.048,-0.00877926808818025,0.010222626911569));
#5011=CARTESIAN_POINT('',(0.048,-0.00643003653621548,0.00936757655325483));
#5012=CARTESIAN_POINT('',(0.048,-0.0101888070193591,0.0107356571265575));
#5013=CARTESIAN_POINT('',(0.048,-0.00847870630273076,0.015434120230487));
#5014=CARTESIAN_POINT('',(0.048,-0.00643003653621548,0.00936757655325482));
#5015=CARTESIAN_POINT('',(0.048,-0.0101888070193591,0.0107356571265575));
#5016=CARTESIAN_POINT('',(0.048,-0.0091268344743329,0.0136534027140977));
#5017=CARTESIAN_POINT('',(0.,-0.0106586533297521,0.0109066671982203));
#5018=CARTESIAN_POINT('',(0.048,-0.0106586533297521,0.0109066671982203));
#5019=CARTESIAN_POINT('',(0.048,-0.00942567071306302,0.0142942590961535));
#5020=CARTESIAN_POINT('',(0.048,-0.0106586533297521,0.0109066671982203));
#5021=CARTESIAN_POINT('',(0.048,-0.00911956268478655,0.0151352839917569));
#5022=CARTESIAN_POINT('',(-0.048,-0.00643003653621548,0.00936757655325482));
#5023=CARTESIAN_POINT('',(-0.048,-0.0101888070193591,0.0107356571265575));
#5024=CARTESIAN_POINT('',(-0.048,-0.00847870630273076,0.015434120230487));
#5025=CARTESIAN_POINT('',(-0.048,-0.00643003653621548,0.00936757655325482));
#5026=CARTESIAN_POINT('',(-0.048,-0.0101888070193591,0.0107356571265575));
#5027=CARTESIAN_POINT('',(-0.048,-0.0091268344743329,0.0136534027140977));
#5028=CARTESIAN_POINT('',(0.,-0.0106586533297521,0.0109066671982203));
#5029=CARTESIAN_POINT('',(-0.048,-0.0106586533297521,0.0109066671982203));
#5030=CARTESIAN_POINT('',(-0.048,-0.00911956268478655,0.0151352839917569));
#5031=CARTESIAN_POINT('',(-0.048,-0.0106586533297521,0.0109066671982203));
#5032=CARTESIAN_POINT('',(-0.048,-0.00942567071306302,0.0142942590961535));
#5033=CARTESIAN_POINT('',(-0.048,-0.0101888070193591,0.0107356571265575));
#5034=CARTESIAN_POINT('',(-0.048,-0.0101888070193591,0.0107356571265575));
#5035=CARTESIAN_POINT('',(0.048,-0.0101888070193591,0.0107356571265575));
#5036=CARTESIAN_POINT('',(0.048,-0.0101888070193591,0.0107356571265575));
#5037=CARTESIAN_POINT('',(0.0135,-0.0040808049842507,0.00851252619494066));
#5038=CARTESIAN_POINT('',(0.0135,-0.00437152210607752,0.00771378746727264));
#5039=CARTESIAN_POINT('',(0.0135,-0.00664595605919322,0.00146483153904634));
#5040=CARTESIAN_POINT('',(0.0135,-0.00532038474918415,0.000982363038805783));
#5041=CARTESIAN_POINT('',(0.0135,-0.0136936507150875,0.00402998261398886));
#5042=CARTESIAN_POINT('',(0.0135,-0.0067207536580423,0.00856883782558681));
#5043=CARTESIAN_POINT('',(0.0135,-0.0114192167619718,0.0102789385422151));
#5044=CARTESIAN_POINT('',(0.0135,-0.00837326596590338,0.018647619575183));
#5045=CARTESIAN_POINT('',(-0.0135,-0.00132557131000907,0.0160824685002405));
#5046=CARTESIAN_POINT('',(-0.0135,-0.00437152210607752,0.00771378746727264));
#5047=CARTESIAN_POINT('',(-0.0135,-0.00664595605919322,0.00146483153904634));
#5048=CARTESIAN_POINT('',(-0.0135,-0.00899518761115799,0.00231988189736052));
#5049=CARTESIAN_POINT('',(-0.0135,-0.0136936507150875,0.00402998261398886));
#5050=CARTESIAN_POINT('',(-0.0135,-0.00304595079606846,0.00723131896703208));
#5051=CARTESIAN_POINT('',(-0.0135,-0.0114192167619718,0.0102789385422151));
#5052=CARTESIAN_POINT('',(-0.0135,-0.011128499640145,0.0110776772698832));
#5053=CARTESIAN_POINT('',(-0.0135,-0.00613931941438865,0.0101663152809228));
#5054=CARTESIAN_POINT('',(-0.0135,-0.0108377825183182,0.0118764159975512));
#5055=CARTESIAN_POINT('',(-0.0135,-0.011128499640145,0.0110776772698832));
#5056=CARTESIAN_POINT('',(-0.0113256340726356,-0.00816958214472104,0.0156));
#5057=CARTESIAN_POINT('',(-0.0114868263069987,-0.00795297844424724,0.0153645006490963));
#5058=CARTESIAN_POINT('',(-0.0117117503778133,-0.00774216321412973,0.0151660404699818));
#5059=CARTESIAN_POINT('',(-0.012,-0.00753901368194486,0.0150921000871614));
#5060=CARTESIAN_POINT('',(0.0135,-0.00246451655241482,0.00882879642236813));
#5061=CARTESIAN_POINT('',(0.0135,-0.0108377825183182,0.0118764159975512));
#5062=CARTESIAN_POINT('',(0.0135,-0.00837326596590338,0.018647619575183));
#5063=CARTESIAN_POINT('',(0.012,-0.00753901368194486,0.0150921000871614));
#5064=CARTESIAN_POINT('',(0.011712196602423,-0.00774184872865,0.0151659260066281));
#5065=CARTESIAN_POINT('',(0.0114867287341373,-0.00795310955877007,0.0153646432015346));
#5066=CARTESIAN_POINT('',(0.0113256340726364,-0.00816958214472,0.0156000000000023));
#5067=CARTESIAN_POINT('',(-0.012,-0.000703112814287625,0.0136682134194156));
#5068=CARTESIAN_POINT('',(0.012,-0.00437791567626147,0.0150057322779703));
#5069=CARTESIAN_POINT('',(0.00826998569413588,0.0214831061479543,0.0037));
#5070=CARTESIAN_POINT('',(0.00826998569413588,0.0214831061479543,0.0015));
#5071=CARTESIAN_POINT('',(0.00553997138827176,0.0304662122959087,0.0015));
#5072=CARTESIAN_POINT('',(0.00553997138827176,0.0304662122959087,0.0037));
#5073=CARTESIAN_POINT('',(0.00553997138827176,0.0304662122959087,0.0037));
#5074=CARTESIAN_POINT('',(0.00826998569413588,0.0214831061479543,0.0037));
#5075=CARTESIAN_POINT('',(0.00516196498979048,0.0317100415296492,0.0037));
#5076=CARTESIAN_POINT('',(0.00488626431950099,0.0304396128065789,0.0037));
#5077=CARTESIAN_POINT('',(0.00488626431950099,0.0304396128065789,0.0015));
#5078=CARTESIAN_POINT('',(0.00488626431950099,0.0304396128065789,-0.001));
#5079=CARTESIAN_POINT('',(0.00516196498979048,0.0317100415296492,-0.001));
#5080=CARTESIAN_POINT('',(0.0047839585913092,0.0329538707633895,-0.001));
#5081=CARTESIAN_POINT('',(0.0047839585913092,0.0329538707633895,0.0037));
#5082=CARTESIAN_POINT('',(0.0047839585913092,0.0329538707633895,0.0037));
#5083=CARTESIAN_POINT('',(0.00516196498979048,0.0317100415296492,0.0037));
#5084=CARTESIAN_POINT('',(0.00516196498979048,0.0317100415296492,0.0015));
#5085=CARTESIAN_POINT('',(0.00664878206320945,0.0206273017718714,0.0037));
#5086=CARTESIAN_POINT('',(0.00664878206320945,0.0206273017718714,0.0015));
#5087=CARTESIAN_POINT('',(0.00417885131321644,0.0287546035437428,0.0015));
#5088=CARTESIAN_POINT('',(0.00664878206320945,0.0206273017718714,0.0037));
#5089=CARTESIAN_POINT('',(0.00417885131321644,0.0287546035437428,0.0037));
#5090=CARTESIAN_POINT('',(0.00417885131321644,0.0287546035437428,0.0037));
#5091=CARTESIAN_POINT('',(-3.46944695195361E-18,0.012,0.0015));
#5092=CARTESIAN_POINT('',(1.43114686768087E-17,0.0315,0.0015));
#5093=CARTESIAN_POINT('',(-0.00664878206320945,0.0206273017718714,0.0037));
#5094=CARTESIAN_POINT('',(-0.00664878206320945,0.0206273017718714,0.0015));
#5095=CARTESIAN_POINT('',(-0.00417885131321644,0.0287546035437428,0.0015));
#5096=CARTESIAN_POINT('',(-0.00417885131321644,0.0287546035437428,0.0037));
#5097=CARTESIAN_POINT('',(-0.00417885131321644,0.0287546035437428,0.0037));
#5098=CARTESIAN_POINT('',(-0.00664878206320945,0.0206273017718714,0.0037));
#5099=CARTESIAN_POINT('',(-0.00516196498979049,0.0317100415296492,0.0037));
#5100=CARTESIAN_POINT('',(-0.0047839585913092,0.0329538707633895,0.0037));
#5101=CARTESIAN_POINT('',(-0.0047839585913092,0.0329538707633895,0.0037));
#5102=CARTESIAN_POINT('',(-0.0047839585913092,0.0329538707633895,-0.001));
#5103=CARTESIAN_POINT('',(-0.00516196498979049,0.0317100415296492,-0.001));
#5104=CARTESIAN_POINT('',(-0.004886264319501,0.0304396128065789,-0.001));
#5105=CARTESIAN_POINT('',(-0.004886264319501,0.0304396128065789,0.0037));
#5106=CARTESIAN_POINT('',(-0.004886264319501,0.0304396128065789,0.0015));
#5107=CARTESIAN_POINT('',(-0.00516196498979049,0.0317100415296492,0.0015));
#5108=CARTESIAN_POINT('',(-0.00553997138827177,0.0304662122959087,0.0015));
#5109=CARTESIAN_POINT('',(-0.00553997138827177,0.0304662122959087,0.0037));
#5110=CARTESIAN_POINT('',(-0.00553997138827177,0.0304662122959087,0.0037));
#5111=CARTESIAN_POINT('',(-0.00516196498979049,0.0317100415296492,0.0037));
#5112=CARTESIAN_POINT('',(-0.00826998569413589,0.0214831061479543,0.0037));
#5113=CARTESIAN_POINT('',(-0.00826998569413589,0.0214831061479543,0.0015));
#5114=CARTESIAN_POINT('',(-0.00826998569413589,0.0214831061479543,0.0037));
#5115=CARTESIAN_POINT('',(-3.46944695195361E-18,0.012,0.0037));
#5116=CARTESIAN_POINT('',(-4.33680868994202E-18,0.0315,0.0037));
#5117=CARTESIAN_POINT('',(4.07660016854549E-17,0.0315,0.0037));
#5118=CARTESIAN_POINT('',(0.00375,0.0348071891388307,0.0037));
#5119=CARTESIAN_POINT('',(0.003009375,0.0341540192839117,0.0037));
#5120=CARTESIAN_POINT('',(0.00226875,0.0335008494289926,0.0037));
#5121=CARTESIAN_POINT('',(-3.53044826001307E-18,0.0315,0.0037));
#5122=CARTESIAN_POINT('',(-0.00226875,0.0335008494289926,0.0037));
#5123=CARTESIAN_POINT('',(-0.003009375,0.0341540192839117,0.0037));
#5124=CARTESIAN_POINT('',(-0.00375,0.0348071891388307,0.0037));
#5125=CARTESIAN_POINT('',(-5.5944832100252E-17,0.0315,0.0037));
#5126=CARTESIAN_POINT('',(-3.46944695195361E-18,0.012,0.0015));
#5127=CARTESIAN_POINT('',(-3.46944695195361E-17,0.0315,0.0015));
#5128=CARTESIAN_POINT('',(-4.33680868994202E-18,0.0315,0.0037));
#5129=CARTESIAN_POINT('',(-4.33680868994202E-18,0.0315,-0.001));
#5130=CARTESIAN_POINT('',(4.07660016854549E-17,0.0315,0.0037));
#5131=CARTESIAN_POINT('',(4.07660016854549E-17,0.0315,-0.001));
#5132=CARTESIAN_POINT('',(0.00375,0.0348071891388307,-0.001));
#5133=CARTESIAN_POINT('',(0.00375,0.0348071891388307,0.0037));
#5134=CARTESIAN_POINT('',(0.003009375,0.0341540192839117,0.0037));
#5135=CARTESIAN_POINT('',(0.00226875,0.0335008494289926,-0.001));
#5136=CARTESIAN_POINT('',(0.00226875,0.0335008494289926,-0.001));
#5137=CARTESIAN_POINT('',(0.00226875,0.0335008494289926,0.0037));
#5138=CARTESIAN_POINT('',(-3.53044826001307E-18,0.0315,0.0037));
#5139=CARTESIAN_POINT('',(-3.53044826001307E-18,0.0315,-0.001));
#5140=CARTESIAN_POINT('',(-0.00226875,0.0335008494289926,-0.001));
#5141=CARTESIAN_POINT('',(-0.00226875,0.0335008494289926,0.0037));
#5142=CARTESIAN_POINT('',(-0.003009375,0.0341540192839117,0.0037));
#5143=CARTESIAN_POINT('',(-0.00375,0.0348071891388307,-0.001));
#5144=CARTESIAN_POINT('',(-0.00375,0.0348071891388307,-0.001));
#5145=CARTESIAN_POINT('',(-0.00375,0.0348071891388307,0.0037));
#5146=CARTESIAN_POINT('',(-5.5944832100252E-17,0.0315,0.0037));
#5147=CARTESIAN_POINT('',(-5.5944832100252E-17,0.0315,-0.001));
#5148=CARTESIAN_POINT('',(-3.46944695195361E-18,0.012,-0.0015));
#5149=CARTESIAN_POINT('',(-3.53044826001307E-18,0.0315,-0.0015));
#5150=CARTESIAN_POINT('',(0.00344452308218919,0.0322489230509644,-0.0015));
#5151=CARTESIAN_POINT('',(0.00294773803160079,0.0334329939205942,-0.0015));
#5152=CARTESIAN_POINT('',(0.00408071891388308,0.0344321891388308,-0.0015));
#5153=CARTESIAN_POINT('',(0.00368482088013276,0.0340830398915498,-0.0015));
#5154=CARTESIAN_POINT('',(4.07660016854549E-17,0.0315,-0.0015));
#5155=CARTESIAN_POINT('',(0.00416339904953755,0.033207661662716,-0.0015));
#5156=CARTESIAN_POINT('',(0.00516196498979048,0.0317100415296492,-0.0015));
#5157=CARTESIAN_POINT('',(0.00826998569413588,0.0214831061479543,0.0084));
#5158=CARTESIAN_POINT('',(0.00826998569413588,0.0214831061479543,0.0062));
#5159=CARTESIAN_POINT('',(0.00553997138827176,0.0304662122959087,0.0062));
#5160=CARTESIAN_POINT('',(0.00553997138827176,0.0304662122959087,0.0084));
#5161=CARTESIAN_POINT('',(0.00553997138827176,0.0304662122959087,0.0084));
#5162=CARTESIAN_POINT('',(0.00826998569413588,0.0214831061479543,0.0084));
#5163=CARTESIAN_POINT('',(0.00516196498979048,0.0317100415296492,0.0084));
#5164=CARTESIAN_POINT('',(0.0047839585913092,0.0329538707633895,0.0114));
#5165=CARTESIAN_POINT('',(0.0047839585913092,0.0329538707633895,0.0109));
#5166=CARTESIAN_POINT('',(0.0047839585913092,0.0329538707633895,0.0062));
#5167=CARTESIAN_POINT('',(0.00516196498979048,0.0317100415296492,0.0109));
#5168=CARTESIAN_POINT('',(0.00488626431950099,0.0304396128065789,0.0109));
#5169=CARTESIAN_POINT('',(0.00488626431950099,0.0304396128065789,0.0114));
#5170=CARTESIAN_POINT('',(0.00488626431950099,0.0304396128065789,0.0084));
#5171=CARTESIAN_POINT('',(0.00516196498979048,0.0317100415296492,0.0084));
#5172=CARTESIAN_POINT('',(0.00516196498979048,0.0317100415296492,0.0062));
#5173=CARTESIAN_POINT('',(0.00664878206320945,0.0206273017718714,0.0084));
#5174=CARTESIAN_POINT('',(0.00664878206320945,0.0206273017718714,0.0062));
#5175=CARTESIAN_POINT('',(0.00417885131321644,0.0287546035437428,0.0062));
#5176=CARTESIAN_POINT('',(0.00664878206320945,0.0206273017718714,0.0084));
#5177=CARTESIAN_POINT('',(0.00417885131321644,0.0287546035437428,0.0084));
#5178=CARTESIAN_POINT('',(0.00417885131321644,0.0287546035437428,0.0084));
#5179=CARTESIAN_POINT('',(-3.46944695195361E-18,0.012,0.0084));
#5180=CARTESIAN_POINT('',(1.43114686768087E-17,0.0315,0.0084));
#5181=CARTESIAN_POINT('',(-0.00664878206320945,0.0206273017718714,0.0084));
#5182=CARTESIAN_POINT('',(-0.00664878206320945,0.0206273017718714,0.0062));
#5183=CARTESIAN_POINT('',(-0.00417885131321644,0.0287546035437428,0.0062));
#5184=CARTESIAN_POINT('',(-0.00417885131321644,0.0287546035437428,0.0084));
#5185=CARTESIAN_POINT('',(-0.00417885131321644,0.0287546035437428,0.0084));
#5186=CARTESIAN_POINT('',(-0.00664878206320945,0.0206273017718714,0.0084));
#5187=CARTESIAN_POINT('',(-0.00516196498979049,0.0317100415296492,0.0084));
#5188=CARTESIAN_POINT('',(-0.004886264319501,0.0304396128065789,0.0114));
#5189=CARTESIAN_POINT('',(-0.004886264319501,0.0304396128065789,0.0109));
#5190=CARTESIAN_POINT('',(-0.004886264319501,0.0304396128065789,0.0084));
#5191=CARTESIAN_POINT('',(-0.00516196498979049,0.0317100415296492,0.0109));
#5192=CARTESIAN_POINT('',(-0.0047839585913092,0.0329538707633895,0.0109));
#5193=CARTESIAN_POINT('',(-0.0047839585913092,0.0329538707633895,0.0114));
#5194=CARTESIAN_POINT('',(-0.0047839585913092,0.0329538707633895,0.0062));
#5195=CARTESIAN_POINT('',(-0.00516196498979049,0.0317100415296492,0.0062));
#5196=CARTESIAN_POINT('',(-0.00553997138827177,0.0304662122959087,0.0062));
#5197=CARTESIAN_POINT('',(-0.00553997138827177,0.0304662122959087,0.0084));
#5198=CARTESIAN_POINT('',(-0.00553997138827177,0.0304662122959087,0.0084));
#5199=CARTESIAN_POINT('',(-0.00516196498979049,0.0317100415296492,0.0084));
#5200=CARTESIAN_POINT('',(-0.00826998569413589,0.0214831061479543,0.0084));
#5201=CARTESIAN_POINT('',(-0.00826998569413589,0.0214831061479543,0.0062));
#5202=CARTESIAN_POINT('',(-0.00826998569413589,0.0214831061479543,0.0084));
#5203=CARTESIAN_POINT('',(-3.46944695195361E-18,0.012,0.0084));
#5204=CARTESIAN_POINT('',(-3.46944695195361E-17,0.0315,0.0084));
#5205=CARTESIAN_POINT('',(-3.46944695195361E-18,0.012,0.0062));
#5206=CARTESIAN_POINT('',(-5.5944832100252E-17,0.0315,0.0062));
#5207=CARTESIAN_POINT('',(-0.00375,0.0348071891388307,0.0062));
#5208=CARTESIAN_POINT('',(-0.003009375,0.0341540192839117,0.0062));
#5209=CARTESIAN_POINT('',(-0.00226875,0.0335008494289926,0.0062));
#5210=CARTESIAN_POINT('',(-3.53044826001307E-18,0.0315,0.0062));
#5211=CARTESIAN_POINT('',(0.00226875,0.0335008494289926,0.0062));
#5212=CARTESIAN_POINT('',(0.003009375,0.0341540192839117,0.0062));
#5213=CARTESIAN_POINT('',(0.00375,0.0348071891388307,0.0062));
#5214=CARTESIAN_POINT('',(4.07660016854549E-17,0.0315,0.0062));
#5215=CARTESIAN_POINT('',(-4.33680868994202E-18,0.0315,0.0062));
#5216=CARTESIAN_POINT('',(-4.33680868994202E-18,0.0315,0.0114));
#5217=CARTESIAN_POINT('',(-4.33680868994202E-18,0.0315,0.0109));
#5218=CARTESIAN_POINT('',(4.07660016854549E-17,0.0315,0.0114));
#5219=CARTESIAN_POINT('',(0.00375,0.0348071891388307,0.0114));
#5220=CARTESIAN_POINT('',(0.00375,0.0348071891388307,0.0109));
#5221=CARTESIAN_POINT('',(4.07660016854549E-17,0.0315,0.0109));
#5222=CARTESIAN_POINT('',(0.003009375,0.0341540192839117,0.0114));
#5223=CARTESIAN_POINT('',(0.00226875,0.0335008494289926,0.0114));
#5224=CARTESIAN_POINT('',(0.00226875,0.0335008494289926,0.0109));
#5225=CARTESIAN_POINT('',(0.003009375,0.0341540192839117,0.0109));
#5226=CARTESIAN_POINT('',(-3.53044826001307E-18,0.0315,0.0114));
#5227=CARTESIAN_POINT('',(-0.00226875,0.0335008494289926,0.0114));
#5228=CARTESIAN_POINT('',(-0.00226875,0.0335008494289926,0.0109));
#5229=CARTESIAN_POINT('',(-3.53044826001307E-18,0.0315,0.0109));
#5230=CARTESIAN_POINT('',(-0.003009375,0.0341540192839117,0.0114));
#5231=CARTESIAN_POINT('',(-0.00375,0.0348071891388307,0.0114));
#5232=CARTESIAN_POINT('',(-0.00375,0.0348071891388307,0.0109));
#5233=CARTESIAN_POINT('',(-0.003009375,0.0341540192839117,0.0109));
#5234=CARTESIAN_POINT('',(-5.5944832100252E-17,0.0315,0.0114));
#5235=CARTESIAN_POINT('',(-0.0040619218030329,0.0344156116452721,0.0114));
#5236=CARTESIAN_POINT('',(-0.00390776715517454,0.0346303741724386,0.0114));
#5237=CARTESIAN_POINT('',(-0.00375,0.0348071891388308,0.0111643731670105));
#5238=CARTESIAN_POINT('',(-0.00375,0.0348071891388308,0.0109));
#5239=CARTESIAN_POINT('',(-0.00478395859130918,0.0329538707633896,0.0109));
#5240=CARTESIAN_POINT('',(-0.00478395859130918,0.0329538707633896,0.0111643187708695));
#5241=CARTESIAN_POINT('',(-0.00471641187301929,0.0331808697525727,0.0114));
#5242=CARTESIAN_POINT('',(-0.00461465904193365,0.0334248173748956,0.0114));
#5243=CARTESIAN_POINT('',(-3.46944695195361E-18,0.012,0.0114));
#5244=CARTESIAN_POINT('',(-0.00934280931719684,0.02259375,0.0114));
#5245=CARTESIAN_POINT('',(0.00368482088013275,0.0340830398915498,0.0114));
#5246=CARTESIAN_POINT('',(0.00294773803160081,0.0334329939205942,0.0114));
#5247=CARTESIAN_POINT('',(-3.53044826001307E-18,0.0315,0.0114));
#5248=CARTESIAN_POINT('',(0.00344452308218919,0.0322489230509644,0.0114));
#5249=CARTESIAN_POINT('',(0.00516196498979048,0.0317100415296492,0.0114));
#5250=CARTESIAN_POINT('',(0.00416339904953755,0.033207661662716,0.0114));
#5251=CARTESIAN_POINT('',(4.07660016854549E-17,0.0315,0.0114));
#5252=CARTESIAN_POINT('',(-5.5944832100252E-17,0.0315,-0.001));
#5253=CARTESIAN_POINT('',(-0.0047839585913092,0.0329538707633895,-0.001));
#5254=CARTESIAN_POINT('',(-0.0047839585913092,0.0329538707633895,-0.00115572013616245));
#5255=CARTESIAN_POINT('',(-0.00459887093941679,0.0330543440702216,-0.00142263584841496));
#5256=CARTESIAN_POINT('',(-0.0043096735959611,0.0331628458608892,-0.0015));
#5257=CARTESIAN_POINT('',(-0.00416339904953756,0.033207661662716,-0.0015));
#5258=CARTESIAN_POINT('',(-0.00375,0.0348071891388308,-0.001));
#5259=CARTESIAN_POINT('',(-0.00375,0.0348071891388307,-0.00116457103957175));
#5260=CARTESIAN_POINT('',(-0.0037356113011116,0.0345700225859654,-0.00143975834596271));
#5261=CARTESIAN_POINT('',(-0.00370388667844078,0.0342436595003535,-0.0015));
#5262=CARTESIAN_POINT('',(-0.00368482088013276,0.0340830398915498,-0.0015));
#5263=CARTESIAN_POINT('',(-4.33680868994202E-18,0.0315,-0.001));
#5264=CARTESIAN_POINT('',(0.00488626431950099,0.0304396128065789,-0.001));
#5265=CARTESIAN_POINT('',(0.00488626431950099,0.0304396128065789,-0.00115572013616244));
#5266=CARTESIAN_POINT('',(0.00470995159967699,0.0303244340364125,-0.00142263584841499));
#5267=CARTESIAN_POINT('',(0.00443052564783479,0.0301927948345119,-0.00150000000000001));
#5268=CARTESIAN_POINT('',(0.00428837577451052,0.0301362429774365,-0.0015));
#5269=CARTESIAN_POINT('',(-0.004886264319501,0.0304396128065789,-0.001));
#5270=CARTESIAN_POINT('',(-0.004886264319501,0.0304396128065789,-0.00115572013616244));
#5271=CARTESIAN_POINT('',(-0.00470995159967701,0.0303244340364125,-0.00142263584841499));
#5272=CARTESIAN_POINT('',(-0.00443052564783479,0.0301927948345119,-0.0015));
#5273=CARTESIAN_POINT('',(-0.00428837577451054,0.0301362429774365,-0.0015));
#5274=CARTESIAN_POINT('',(0.00934280931719683,0.02259375,-0.001));
#5275=CARTESIAN_POINT('',(-0.00226875,0.0335008494289926,-0.001));
#5276=CARTESIAN_POINT('',(-0.00226875,0.0335008494289926,-0.0011574364680074));
#5277=CARTESIAN_POINT('',(-0.00248415795928271,0.0334879135557407,-0.0014258254818098));
#5278=CARTESIAN_POINT('',(-0.00279442725891313,0.033453601629523,-0.0015));
#5279=CARTESIAN_POINT('',(-0.00294773803160079,0.0334329939205942,-0.0015));
#5280=CARTESIAN_POINT('',(-0.00516196498979049,0.0317100415296492,-0.001));
#5281=CARTESIAN_POINT('',(-0.0034445230821892,0.0322489230509644,-0.0015));
#5282=CARTESIAN_POINT('',(-0.00342645879084704,0.0318437695895113,-0.0015));
#5283=CARTESIAN_POINT('',(-0.00344306108844924,0.0314357527369365,-0.0015));
#5284=CARTESIAN_POINT('',(-0.00349398273410348,0.0310334063290327,-0.0015));
#5285=CARTESIAN_POINT('',(0.00516196498979048,0.0317100415296492,-0.001));
#5286=CARTESIAN_POINT('',(0.00344452308218919,0.0322489230509644,-0.0015));
#5287=CARTESIAN_POINT('',(0.00342645879084799,0.0318437695895112,-0.0015));
#5288=CARTESIAN_POINT('',(0.00344306108844955,0.0314357527369365,-0.0015));
#5289=CARTESIAN_POINT('',(0.00349398273410347,0.0310334063290327,-0.0015));
#5290=CARTESIAN_POINT('',(0.0047839585913092,0.0329538707633895,-0.001));
#5291=CARTESIAN_POINT('',(0.0047839585913092,0.0329538707633895,-0.00115572013616246));
#5292=CARTESIAN_POINT('',(0.00459887093941679,0.0330543440702217,-0.00142263584841496));
#5293=CARTESIAN_POINT('',(0.00430967359596108,0.0331628458608892,-0.0015));
#5294=CARTESIAN_POINT('',(0.00416339904953755,0.033207661662716,-0.0015));
#5295=CARTESIAN_POINT('',(-3.53044826001307E-18,0.0315,-0.001));
#5296=CARTESIAN_POINT('',(0.00226875,0.0335008494289926,-0.001));
#5297=CARTESIAN_POINT('',(0.00226875,0.0335008494289926,-0.00115743646800739));
#5298=CARTESIAN_POINT('',(0.0024841579592827,0.0334879135557407,-0.00142582548180979));
#5299=CARTESIAN_POINT('',(0.00279442725891312,0.033453601629523,-0.0015));
#5300=CARTESIAN_POINT('',(0.00294773803160079,0.0334329939205942,-0.0015));
#5301=CARTESIAN_POINT('',(4.07660016854549E-17,0.0315,-0.001));
#5302=CARTESIAN_POINT('',(0.00375,0.0348071891388308,-0.001));
#5303=CARTESIAN_POINT('',(0.00375,0.0348071891388308,-0.00116457103957175));
#5304=CARTESIAN_POINT('',(0.00373561130111151,0.0345700225859654,-0.0014397583459627));
#5305=CARTESIAN_POINT('',(0.00370388667844096,0.0342436595003534,-0.0015));
#5306=CARTESIAN_POINT('',(0.00368482088013276,0.0340830398915498,-0.0015));
#5307=CARTESIAN_POINT('',(-0.00934280931719684,0.02259375,-0.001));
#5308=CARTESIAN_POINT('',(4.07660016854549E-17,0.0315,0.0109));
#5309=CARTESIAN_POINT('',(0.0047839585913092,0.0329538707633896,0.0109));
#5310=CARTESIAN_POINT('',(0.0047839585913092,0.0329538707633896,0.0110557201361625));
#5311=CARTESIAN_POINT('',(0.0045988709394168,0.0330543440702217,0.011322635848415));
#5312=CARTESIAN_POINT('',(0.00430967359596107,0.0331628458608891,0.0114));
#5313=CARTESIAN_POINT('',(0.00416339904953755,0.033207661662716,0.0114));
#5314=CARTESIAN_POINT('',(0.00375,0.0348071891388307,0.0109));
#5315=CARTESIAN_POINT('',(0.00375,0.0348071891388307,0.0110645710395718));
#5316=CARTESIAN_POINT('',(0.00373561130111235,0.0345700225859652,0.0113397583459627));
#5317=CARTESIAN_POINT('',(0.00370388667843934,0.0342436595003536,0.0114));
#5318=CARTESIAN_POINT('',(0.00368482088013276,0.0340830398915498,0.0114));
#5319=CARTESIAN_POINT('',(-4.33680868994202E-18,0.0315,0.0109));
#5320=CARTESIAN_POINT('',(-0.004886264319501,0.0304396128065789,0.0109));
#5321=CARTESIAN_POINT('',(-0.004886264319501,0.0304396128065789,0.0110557201361624));
#5322=CARTESIAN_POINT('',(-0.00470995159967732,0.0303244340364117,0.011322635848415));
#5323=CARTESIAN_POINT('',(-0.00443052564783416,0.0301927948345135,0.0114));
#5324=CARTESIAN_POINT('',(-0.00428837577451054,0.0301362429774365,0.0114));
#5325=CARTESIAN_POINT('',(0.00488626431950099,0.0304396128065789,0.0109));
#5326=CARTESIAN_POINT('',(0.00488626431950099,0.0304396128065789,0.0110557201361624));
#5327=CARTESIAN_POINT('',(0.00470995159967732,0.0303244340364116,0.011322635848415));
#5328=CARTESIAN_POINT('',(0.00443052564783415,0.0301927948345135,0.0114));
#5329=CARTESIAN_POINT('',(0.00428837577451052,0.0301362429774365,0.0114));
#5330=CARTESIAN_POINT('',(0.00334009391388307,0.0337790192839117,0.0109));
#5331=CARTESIAN_POINT('',(0.00226875,0.0335008494289926,0.0109));
#5332=CARTESIAN_POINT('',(0.00226875,0.0335008494289926,0.0110574364680074));
#5333=CARTESIAN_POINT('',(0.0024841579592826,0.0334879135557398,0.0113258254818098));
#5334=CARTESIAN_POINT('',(0.00279442725891335,0.0334536016295246,0.0114));
#5335=CARTESIAN_POINT('',(0.00294773803160079,0.0334329939205942,0.0114));
#5336=CARTESIAN_POINT('',(0.00516196498979048,0.0317100415296492,0.0109));
#5337=CARTESIAN_POINT('',(0.00344452308218919,0.0322489230509644,0.0114));
#5338=CARTESIAN_POINT('',(0.00342645879085244,0.0318437695895111,0.0114));
#5339=CARTESIAN_POINT('',(0.00344306108845331,0.031435752736937,0.0114));
#5340=CARTESIAN_POINT('',(0.00349398273410347,0.0310334063290327,0.0114));
#5341=CARTESIAN_POINT('',(-0.00516196498979049,0.0317100415296492,0.0109));
#5342=CARTESIAN_POINT('',(-0.0034445230821892,0.0322489230509644,0.0114));
#5343=CARTESIAN_POINT('',(-0.00342645879085245,0.0318437695895111,0.0114));
#5344=CARTESIAN_POINT('',(-0.00344306108845332,0.031435752736937,0.0114));
#5345=CARTESIAN_POINT('',(-0.00349398273410348,0.0310334063290327,0.0114));
#5346=CARTESIAN_POINT('',(-3.53044826001307E-18,0.0315,0.0109));
#5347=CARTESIAN_POINT('',(-0.00226875,0.0335008494289926,0.0109));
#5348=CARTESIAN_POINT('',(-0.00226875,0.0335008494289926,0.0110574364680074));
#5349=CARTESIAN_POINT('',(-0.00248415795928261,0.0334879135557398,0.0113258254818098));
#5350=CARTESIAN_POINT('',(-0.00279442725891335,0.0334536016295247,0.0114));
#5351=CARTESIAN_POINT('',(-0.00294773803160079,0.0334329939205942,0.0114));
#5352=CARTESIAN_POINT('',(-0.00334009391388307,0.0337790192839117,0.0109));
#5353=CARTESIAN_POINT('',(0.014,0.003,-0.009));
#5354=CARTESIAN_POINT('',(0.014,0.003,-0.006));
#5355=CARTESIAN_POINT('',(0.014,0.002,-0.006));
#5356=CARTESIAN_POINT('',(0.014,0.001,-0.006));
#5357=CARTESIAN_POINT('',(0.014,0.001,-0.009));
#5358=CARTESIAN_POINT('',(0.014,-0.002,-0.009));
#5359=CARTESIAN_POINT('',(0.014,-0.002,-0.012));
#5360=CARTESIAN_POINT('',(0.014,0.0034,0.0126));
#5361=CARTESIAN_POINT('',(0.014,0.0034,0.0106));
#5362=CARTESIAN_POINT('',(0.014,0.0039,0.0106));
#5363=CARTESIAN_POINT('',(0.014,0.0044,0.0106));
#5364=CARTESIAN_POINT('',(0.014,0.0044,0.0126));
#5365=CARTESIAN_POINT('',(0.014,0.0064,0.0126));
#5366=CARTESIAN_POINT('',(0.014,0.0064,0.0141));
#5367=CARTESIAN_POINT('',(0.014,0.001,-0.009));
#5368=CARTESIAN_POINT('',(0.014,-0.002,-0.009));
#5369=CARTESIAN_POINT('',(0.014,0.001,-0.006));
#5370=CARTESIAN_POINT('',(0.014,0.002,-0.006));
#5371=CARTESIAN_POINT('',(0.014,0.003,-0.006));
#5372=CARTESIAN_POINT('',(0.014,0.003,-0.009));
#5373=CARTESIAN_POINT('',(0.014,-0.002,-0.012));
#5374=CARTESIAN_POINT('',(0.014,0.0064,0.0141));
#5375=CARTESIAN_POINT('',(0.014,0.0064,0.0126));
#5376=CARTESIAN_POINT('',(0.014,0.0044,0.0126));
#5377=CARTESIAN_POINT('',(0.014,0.0044,0.0106));
#5378=CARTESIAN_POINT('',(0.014,0.0039,0.0106));
#5379=CARTESIAN_POINT('',(0.014,0.0034,0.0106));
#5380=CARTESIAN_POINT('',(0.014,0.0034,0.0126));
#5381=CARTESIAN_POINT('',(1.7347234759768E-18,-0.011,-0.003));
#5382=CARTESIAN_POINT('',(1.7347234759768E-18,-0.011,-0.001));
#5383=CARTESIAN_POINT('',(-0.0085,-0.011,-0.004));
#5384=CARTESIAN_POINT('',(-0.0085,-0.011,-0.003));
#5385=CARTESIAN_POINT('',(1.7347234759768E-18,-0.011,-0.003));
#5386=CARTESIAN_POINT('',(0.0085,-0.011,-0.003));
#5387=CARTESIAN_POINT('',(0.0085,-0.011,-0.004));
#5388=CARTESIAN_POINT('',(1.7347234759768E-18,-0.006,-0.003));
#5389=CARTESIAN_POINT('',(1.7347234759768E-18,-0.006,-0.001));
#5390=CARTESIAN_POINT('',(0.0085,-0.006,-0.004));
#5391=CARTESIAN_POINT('',(0.0085,-0.006,-0.003));
#5392=CARTESIAN_POINT('',(1.7347234759768E-18,-0.006,-0.003));
#5393=CARTESIAN_POINT('',(-0.0085,-0.006,-0.003));
#5394=CARTESIAN_POINT('',(-0.0085,-0.006,-0.004));
#5395=CARTESIAN_POINT('',(-3.46944695195361E-18,0.012,-0.003));
#5396=CARTESIAN_POINT('',(0.0085,0.012,-0.003));
#5397=CARTESIAN_POINT('',(-0.0085,-0.006,-0.003));
#5398=CARTESIAN_POINT('',(-3.46944695195361E-18,0.012,-0.001));
#5399=CARTESIAN_POINT('',(0.0085,2.31296463463574E-18,-0.004));
#5400=CARTESIAN_POINT('',(-0.0085,0.012,-0.004));
#5401=CARTESIAN_POINT('',(-0.003,0.008,-0.013));
#5402=CARTESIAN_POINT('',(-0.003,0.01,-0.013));
#5403=CARTESIAN_POINT('',(-0.003,0.01,-0.013));
#5404=CARTESIAN_POINT('',(-0.003,0.008,-0.013));
#5405=CARTESIAN_POINT('',(-0.003,8.67361737988404E-19,-0.013));
#5406=CARTESIAN_POINT('',(-0.003,8.67361737988404E-19,-0.013));
#5407=CARTESIAN_POINT('',(-0.003,8.67361737988404E-19,-0.007));
#5408=CARTESIAN_POINT('',(-0.003,8.67361737988404E-19,-0.007));
#5409=CARTESIAN_POINT('',(0.003,0.008,-0.013));
#5410=CARTESIAN_POINT('',(0.003,8.67361737988404E-19,-0.007));
#5411=CARTESIAN_POINT('',(0.003,8.67361737988404E-19,-0.007));
#5412=CARTESIAN_POINT('',(0.003,8.67361737988404E-19,-0.013));
#5413=CARTESIAN_POINT('',(0.003,8.67361737988404E-19,-0.013));
#5414=CARTESIAN_POINT('',(0.003,0.008,-0.013));
#5415=CARTESIAN_POINT('',(0.003,0.01,-0.013));
#5416=CARTESIAN_POINT('',(0.003,0.01,-0.013));
#5417=CARTESIAN_POINT('',(0.,0.01,-0.013));
#5418=CARTESIAN_POINT('',(0.,0.01,-0.013));
#5419=CARTESIAN_POINT('',(-3.46944695195361E-18,0.012,-0.013));
#5420=CARTESIAN_POINT('',(4.33680868994201E-18,2.60208521396521E-18,-0.013));
#5421=CARTESIAN_POINT('',(3.46944695195361E-18,3.46944695195361E-18,-0.007));
#5422=CARTESIAN_POINT('',(3.46944695195361E-18,3.46944695195361E-18,-0.007));
#5423=CARTESIAN_POINT('',(-1.54074395550979E-33,3.46944695195361E-18,-0.0065));
#5424=MECHANICAL_DESIGN_GEOMETRIC_PRESENTATION_REPRESENTATION('',(#3175),
#5425);
#5425=(
GEOMETRIC_REPRESENTATION_CONTEXT(3)
GLOBAL_UNCERTAINTY_ASSIGNED_CONTEXT((#5426))
GLOBAL_UNIT_ASSIGNED_CONTEXT((#5429,#5428,#5427))
REPRESENTATION_CONTEXT('Board Housing','TOP_LEVEL_ASSEMBLY_PART')
);
#5426=UNCERTAINTY_MEASURE_WITH_UNIT(LENGTH_MEASURE(2.E-5),#5429,
'DISTANCE_ACCURACY_VALUE','Maximum Tolerance applied to model');
#5427=(
NAMED_UNIT(*)
SI_UNIT($,.STERADIAN.)
SOLID_ANGLE_UNIT()
);
#5428=(
NAMED_UNIT(*)
PLANE_ANGLE_UNIT()
SI_UNIT($,.RADIAN.)
);
#5429=(
LENGTH_UNIT()
NAMED_UNIT(*)
SI_UNIT($,.METRE.)
);
#5430=PRODUCT_DEFINITION_SHAPE('','',#5431);
#5431=PRODUCT_DEFINITION('','',#5433,#5432);
#5432=PRODUCT_DEFINITION_CONTEXT('',#5439,'design');
#5433=PRODUCT_DEFINITION_FORMATION_WITH_SPECIFIED_SOURCE('','',#5435,
 .NOT_KNOWN.);
#5434=PRODUCT_RELATED_PRODUCT_CATEGORY('','',(#5435));
#5435=PRODUCT('Board Housing','Board Housing','Board Housing',(#5437));
#5436=PRODUCT_CATEGORY('','');
#5437=PRODUCT_CONTEXT('',#5439,'mechanical');
#5438=APPLICATION_PROTOCOL_DEFINITION('international standard',
'ap242_managed_model_based_3d_engineering',2020,#5439);
#5439=APPLICATION_CONTEXT('managed model based 3d engineering');
ENDSEC;
END-ISO-10303-21;
